Project0001,0.0,1.485,0.344,0.5,1.143,0.5,0.025,0.17600000000000002
Project0002,0.0,2.9589999999999996,1.0,1.0,1.0,0.0,1.0,1.0
Project0003,0.0,1.0,1.0,0.0,1.0,0.0,0.0,0.0
Project0004,0.0,1.0,1.0,0.0,1.0,0.0,0.0,0.0
Project0005,0.8,0.8009999999999999,0.88,0.667,0.733,1.0,0.19399999999999998,0.5379999999999999
Project0006,0.0,1.0,1.0,0.0,1.0,0.0,0.0,0.0
Project0007,1.0,0.45399999999999996,0.97,0.33299999999999996,0.49,2.0,0.188,0.0
Project0008,1.0,1.0,1.0,0.0,1.0,0.0,0.0,0.0
Project0009,0.8,0.0,0.555,0.33299999999999996,0.19899999999999998,1.0,0.0,0.071
Project0010,0.067,0.555,0.237,0.055999999999999994,0.48100000000000004,0.5,0.061,0.065
Project0011,0.809,0.7140000000000001,0.838,0.768,0.726,0.7829999999999999,0.767,0.764
Project0012,0.8,1.0,0.816,0.667,0.002,0.0,0.8,0.0
Project0013,3.2,1.0,2.0669999999999997,1.0,1.0,0.0,0.0,1.0
Project0014,1.0,1.0,1.0,0.0,1.0,0.0,1.0,0.0
Project0015,1.0,3.0189999999999997,1.0,2.667,1.0,1.0,0.0,1.0
Project0016,2.6,0.067,2.349,4.0,0.593,1.0,0.0,0.0
Project0017,1.0,1.639,0.91,1.0,0.813,1.0,0.622,0.375
Project0018,2.4,1.0,2.915,1.0,2.693,1.0,0.0,0.0
Project0019,0.0,1.0,1.0,0.0,1.0,0.0,0.0,0.0
Project0020,1.0,2.178,1.0,1.0,1.0,1.0,0.0,1.0
Project0021,1.0,7.529,1.0,3.0,1.0,1.0,1.0,1.0
Project0022,0.3,0.636,0.44799999999999995,0.5,0.341,1.0,0.032,0.45799999999999996
Project0023,0.9329999999999999,0.945,0.7,0.778,0.682,0.667,0.16699999999999998,0.306
Project0024,0.0,1.0,1.0,0.0,1.0,0.0,0.0,0.0
Project0025,0.0,1.0,1.0,0.0,1.0,0.0,0.0,0.0
Project0026,0.0,0.0,0.0,0.0,0.0,0.0,0.0,0.0
Project0027,1.0,10.078,1.0,0.0,1.0,0.0,0.0,0.0
Project0028,1.0,1.0,1.0,0.0,1.0,0.0,0.0,1.0
Project0029,0.0,1.0,1.0,0.0,1.0,0.0,0.0,0.0
Project0030,0.0,0.0,0.0,0.0,0.0,0.0,0.0,0.0
Project0031,0.7,1.265,0.861,0.5,0.001,0.0,0.33299999999999996,0.41700000000000004
Project0032,0.0,0.0,0.0,0.0,0.0,0.0,0.0,0.0
Project0033,0.8,0.442,0.757,0.33299999999999996,0.126,0.0,0.0,0.0
Project0034,1.0,1.21,0.865,0.667,0.948,0.0,0.8,0.75
Project0035,0.0,0.0,0.0,0.0,0.0,0.0,0.0,0.0
Project0036,1.0,1.0,1.0,3.333,1.0,0.0,0.0,0.0
Project0037,1.0,0.365,0.013999999999999999,0.0,0.888,1.0,0.222,0.0
Project0038,0.0,0.7559999999999999,0.21600000000000003,1.0,0.523,1.0,0.4,0.684
Project0039,0.4,7.886,0.272,2.333,1.472,6.0,0.21100000000000002,0.375
Project0040,2.533,3.466,1.828,0.778,0.384,1.3330000000000002,0.1,0.14800000000000002
Project0041,0.0,1.0,1.0,0.0,1.0,0.0,0.0,0.0
Project0042,0.0,0.768,0.040999999999999995,0.33299999999999996,0.012,1.0,0.28600000000000003,0.28600000000000003
Project0043,0.914,0.439,0.748,0.47600000000000003,0.805,0.7140000000000001,0.325,0.6859999999999999
Project0044,0.7709999999999999,0.102,0.95,0.5710000000000001,0.401,0.35700000000000004,0.429,0.429
Project0045,0.0,1.0,1.0,0.0,1.0,0.0,0.0,0.0
Project0046,0.0,0.0,0.0,0.0,0.0,0.0,0.0,0.0
Project0047,1.0,0.281,0.894,0.667,0.002,0.0,0.857,0.0
Project0048,1.0,2.158,1.0,1.0,1.0,0.0,0.0,0.0
Project0049,0.733,0.648,0.736,0.111,0.272,0.667,0.042,0.042
Project0050,0.0,1.0,1.0,0.0,1.0,0.0,0.0,0.0
Project0051,0.0,1.0,1.0,0.0,1.0,0.0,0.0,0.0
Project0052,1.0,1.0,1.0,2.667,2.395,1.0,1.0,1.0
Project0053,0.0,1.0,1.0,0.0,1.0,0.0,0.0,0.0
Project0054,0.1,0.087,0.585,0.16699999999999998,0.8859999999999999,1.0,0.036000000000000004,0.036000000000000004
Project0055,0.987,0.174,0.937,0.6779999999999999,0.645,0.667,0.687,0.667
Project0056,1.2,0.18899999999999997,1.544,0.889,0.5760000000000001,1.0,0.233,0.233
Project0057,0.4,0.6679999999999999,0.284,0.33299999999999996,0.457,0.667,0.055999999999999994,0.055999999999999994
Project0058,0.3,0.593,0.34600000000000003,0.25,0.354,0.125,0.071,0.094
Project0059,7.8,1.8119999999999998,2.245,1.0,0.7829999999999999,1.0,0.0,0.083
Project0060,1.0,1.0,2.016,0.0,1.0,0.0,1.0,0.0
Project0061,0.6,0.9940000000000001,0.659,0.667,0.045,0.0,0.043,0.043
Project0062,0.6,0.34600000000000003,0.905,0.33299999999999996,0.9940000000000001,1.0,0.33299999999999996,0.33299999999999996
Project0063,0.6,0.3,0.802,0.792,0.81,0.875,0.18100000000000002,0.318
Project0064,0.22899999999999998,0.092,0.465,0.19,0.127,0.14300000000000002,0.114,0.057
Project0065,0.0,0.0,0.0,0.0,0.0,0.0,0.0,0.0
Project0066,0.0,4.5569999999999995,1.0,0.0,1.0,0.0,0.0,0.0
Project0067,0.0,1.0,1.0,1.0,1.0,0.0,0.0,0.0
Project0068,0.6,0.36700000000000005,0.562,0.667,0.813,1.0,0.5710000000000001,0.5
Project0069,0.0,1.105,0.456,0.33299999999999996,0.685,1.0,0.179,0.071
Project0070,0.2,1.5130000000000001,0.44799999999999995,0.33299999999999996,0.401,0.667,0.022000000000000002,0.077
Project0071,0.4,2.244,0.44,0.667,0.045,1.0,0.075,0.0
Project0072,0.0,1.0,1.0,0.0,1.0,0.0,0.0,0.0
Project0073,0.4,0.552,0.256,0.41700000000000004,0.591,0.5,0.25,0.409
Project0074,0.0,0.0,0.0,0.0,0.0,0.0,0.0,0.0
Project0075,0.6,0.72,0.552,0.667,0.48700000000000004,0.5,0.066,0.228
Project0076,0.2,0.295,0.42,0.33299999999999996,1.3159999999999998,1.5,0.231,0.231
Project0077,0.0,1.0,1.0,1.0,1.0,0.0,0.0,0.0
Project0078,1.0,1.0,1.0,1.0,1.0,0.0,1.0,0.0
Project0079,0.0,1.0,1.0,0.0,1.0,0.0,0.0,0.0
Project0080,0.8,0.47100000000000003,0.813,0.833,0.677,1.0,0.33299999999999996,0.33299999999999996
Project0081,1.0,0.76,0.13699999999999998,1.0,0.968,1.0,0.14800000000000002,0.429
Project0082,0.2,2.131,0.13699999999999998,2.667,1.729,2.0,0.062,0.33299999999999996
Project0083,0.4,0.042,0.322,0.16699999999999998,0.069,0.0,0.019,0.0
Project0084,0.0,1.0,1.0,0.0,1.0,0.0,0.0,0.0
Project0085,1.0,4.941,2.548,1.0,1.0,1.0,1.0,1.0
Project0086,2.2,0.975,1.1540000000000001,0.667,1.295,3.0,0.019,0.667
Project0087,1.0,6.502999999999999,1.0,1.0,2.717,3.0,1.0,0.0
Project0088,0.0,2.728,1.0,2.333,1.0,0.0,0.0,0.0
Project0089,0.35,0.062,0.6609999999999999,0.833,0.152,0.75,0.5,0.5
Project0090,0.8,0.377,0.7709999999999999,0.667,0.111,1.0,0.0,0.182
Project0091,0.0,1.0,1.0,0.0,1.0,0.0,0.0,0.0
Project0092,1.0,1.0,1.0,3.0,1.0,3.0,0.0,0.0
Project0093,1.0,1.0,1.0,1.0,1.0,0.0,0.0,0.0
Project0094,1.6,4.088,0.958,4.0,1.865,9.0,0.263,0.385
Project0095,1.0,0.0,0.7979999999999999,0.667,1.0,1.0,0.667,0.75
Project0096,0.0,3.583,1.0,2.333,2.7039999999999997,3.0,0.0,0.0
Project0097,0.0,1.0,1.0,1.0,1.0,0.0,0.0,0.0
Project0098,0.8,0.475,0.433,1.0,0.5329999999999999,1.0,0.0,0.2
Project0099,2.6,1.0,1.0,0.0,1.0,0.0,1.0,0.0
Project0100,0.0,2.536,1.0,0.0,1.0,0.0,0.0,0.0
Project0101,0.6,1.25,1.122,0.667,0.595,1.0,0.0,0.048
Project0102,0.17800000000000002,0.10099999999999999,0.18600000000000003,0.519,0.171,0.444,0.099,0.013999999999999999
Project0103,1.0,1.0,1.0,1.0,1.0,1.0,1.0,1.0
Project0104,1.0,1.0,1.0,0.0,1.0,0.0,0.0,1.0
Project0105,0.2,4.7669999999999995,1.847,0.667,0.094,0.0,0.0,0.0
Project0106,0.0,1.0,1.0,1.0,1.0,0.0,0.0,0.0
Project0107,1.0,5.2620000000000005,1.0,1.0,1.0,0.0,1.0,1.0
Project0108,0.6,0.423,0.037000000000000005,0.33299999999999996,0.011000000000000001,0.0,0.125,0.125
Project0109,0.4,0.418,0.667,0.33299999999999996,0.315,0.0,0.25,0.25
Project0110,0.867,0.505,0.775,0.556,0.44799999999999995,0.33299999999999996,0.444,0.667
Project0111,0.0,0.0,0.0,0.0,0.0,0.0,0.0,0.0
Project0112,1.0,1.0,1.0,1.0,1.0,0.0,1.0,0.0
Project0113,1.0,1.0,1.0,0.0,1.0,0.0,0.0,0.0
Project0114,1.2,0.368,0.5489999999999999,0.667,0.20800000000000002,1.0,0.065,0.0
Project0115,1.0,1.0,1.0,0.0,1.0,0.0,0.0,1.0
Project0116,1.0,1.061,0.848,0.0,1.087,1.0,0.306,0.722
Project0117,0.6,0.843,0.894,0.0,0.087,0.5,0.0,0.0
Project0118,1.0,1.0,1.0,1.0,1.0,1.0,1.0,0.0
Project0119,0.0,1.0,1.0,0.0,1.0,0.0,0.0,0.0
Project0120,2.8,4.754,3.028,2.667,2.6510000000000002,3.0,2.214,2.214
Project0121,1.0,1.0,1.0,2.333,1.0,3.0,1.0,1.0
Project0122,0.96,1.013,0.865,0.9329999999999999,0.96,1.0,0.871,0.871
Project0123,0.8,0.326,0.856,0.667,0.59,1.0,0.33299999999999996,0.33299999999999996
Project0124,1.0,1.0,2.6039999999999996,0.0,1.0,0.0,0.0,0.0
Project0125,0.6,0.8590000000000001,0.903,0.667,0.006,1.0,0.0,0.14300000000000002
Project0126,0.0,1.0,1.0,0.0,1.0,0.0,0.0,0.0
Project0127,0.733,0.005,0.069,0.889,0.287,0.0,0.2,0.2
Project0128,0.0,1.0,1.0,0.0,1.0,0.0,0.0,0.0
Project0129,0.5670000000000001,0.7559999999999999,0.845,0.833,0.5,0.5,0.055999999999999994,0.055999999999999994
Project0130,0.0,1.0,1.0,0.0,1.0,0.0,0.0,1.0
Project0131,0.0,1.0,1.0,0.0,1.0,0.0,0.0,0.0
Project0132,0.4,0.132,0.231,0.33299999999999996,0.5720000000000001,1.0,0.067,0.067
Project0133,1.0,1.0,1.0,1.0,1.0,0.0,0.0,0.0
Project0134,0.0,1.0,1.0,0.0,1.0,0.0,0.0,0.0
Project0135,0.8,0.8190000000000001,0.96,1.0,0.7709999999999999,0.5,0.5,0.33299999999999996
Project0136,0.0,1.0,1.0,0.0,1.0,0.0,0.0,0.0
Project0137,0.0,2.001,1.0,0.0,1.0,0.0,0.0,1.0
Project0138,1.0,1.0,1.0,1.0,1.0,1.0,1.0,1.0
Project0139,0.0,1.0,1.0,0.0,1.0,0.0,0.0,0.0
Project0140,0.0,1.0,1.0,1.0,1.0,0.0,0.0,0.0
Project0141,1.0,1.0,1.0,0.0,1.0,0.0,0.0,0.0
Project0142,0.0,1.0,1.0,0.0,1.0,0.0,0.0,0.0
Project0143,0.0,1.0,1.0,0.0,1.0,0.0,0.0,0.0
Project0144,1.4,0.545,0.835,3.0,1.676,4.0,1.794,1.794
Project0145,0.8,0.017,0.579,1.0,0.514,2.0,0.0,0.308
Project0146,1.0,1.0,1.0,0.0,1.0,0.0,0.0,0.0
Project0147,0.28,0.162,0.6709999999999999,0.267,0.807,1.0,0.414,0.853
Project0148,0.3,1.0490000000000002,0.664,0.833,0.5,0.5,0.05,0.05
Project0149,1.0,0.475,0.579,0.0,0.889,1.0,0.25,0.25
Project0150,0.0,1.0,1.0,0.0,1.0,0.0,0.0,0.0
Project0151,0.0,1.0,1.0,1.0,1.0,0.0,0.0,0.0
Project0152,0.314,0.7859999999999999,0.5,0.048,0.161,0.28600000000000003,0.214,0.012
Project0153,1.0,1.0,1.0,0.0,2.633,3.0,1.0,1.0
Project0154,2.2,1.0,1.0,1.0,1.0,0.0,0.0,0.0
Project0155,1.6,0.094,1.423,4.0,0.49,0.0,0.053,0.19
Project0156,8.8,3.4619999999999997,2.1180000000000003,11.333,18.483,26.0,1.976,5.832999999999999
Project0157,2.4,3.763,2.405,4.0,12.388,13.0,1.0,1.0
Project0158,0.2,0.068,0.43700000000000006,0.33299999999999996,0.341,0.0,0.174,0.0
Project0159,0.0,1.0,1.0,0.0,1.0,0.0,0.0,0.0
Project0160,1.0,2.679,1.0,2.333,2.773,4.0,1.0,1.0
Project0161,1.0,2.419,1.0,1.0,1.0,1.0,1.0,0.0
Project0162,1.0,0.22699999999999998,0.7609999999999999,5.0,1.673,3.0,0.33299999999999996,1.0
Project0163,0.0,1.0,1.0,1.0,1.0,0.0,0.0,0.0
Project0164,0.0,2.345,1.0,0.0,1.0,0.0,0.0,0.0
Project0165,3.4,0.883,2.521,3.0,2.204,0.0,0.4,0.4
Project0166,0.0,1.0,1.0,1.0,1.0,0.0,0.0,0.0
Project0167,1.0,1.0,1.0,1.0,1.0,0.0,0.0,1.0
Project0168,0.0,1.0,1.0,0.0,1.0,0.0,0.0,0.0
Project0169,0.0,2.077,1.0,0.0,1.0,0.0,0.0,0.0
Project0170,0.1,0.126,0.44299999999999995,0.16699999999999998,0.214,0.0,0.083,0.083
Project0171,0.5,1.001,0.47200000000000003,0.667,0.626,1.0,0.03,0.03
Project0172,2.2,0.193,1.508,0.833,1.858,0.5,0.179,0.188
Project0173,1.0,6.144,2.3080000000000003,2.667,1.0,0.0,2.375,0.0
Project0174,0.3,9.745,0.35600000000000004,1.167,2.545,3.0,0.055999999999999994,0.05
Project0175,2.2,2.29,2.004,3.0,3.555,1.0,1.0,1.0
Project0176,1.0,1.0,1.0,2.667,1.0,1.0,1.0,1.0
Project0177,1.0,1.0,1.0,0.0,1.0,0.0,0.0,0.0
Project0178,2.6,1.0,1.0,1.0,2.23,0.0,1.0,0.0
Project0179,1.0,2.374,1.0,5.0,2.35,3.0,0.0,0.0
Project0180,1.0,1.0,1.0,1.0,1.0,0.0,0.0,0.0
Project0181,0.0,1.0,1.0,0.0,1.0,0.0,0.0,0.0
Project0182,0.0,1.0,1.0,0.0,1.0,0.0,0.0,0.0
Project0183,1.0,1.0,1.0,0.0,1.0,0.0,0.0,0.0
Project0184,1.0,3.3930000000000002,1.0,2.333,2.661,4.0,0.0,1.0
Project0185,0.5,0.292,0.303,0.16699999999999998,0.653,1.5,0.038,0.042
Project0186,0.8,0.682,0.77,0.889,0.517,0.33299999999999996,0.5,0.5
Project0187,0.114,0.451,0.287,0.524,0.606,1.0,0.28800000000000003,0.7020000000000001
Project0188,0.0,1.0,1.0,1.0,1.0,0.0,0.0,0.0
Project0189,0.0,1.0,1.0,0.0,1.0,0.0,0.0,0.0
Project0190,0.0,1.0,1.0,0.0,1.0,0.0,0.0,0.0
Project0191,0.4,1.136,1.034,1.167,1.827,1.0,0.071,0.071
Project0192,0.6,1.369,0.787,1.0,0.8959999999999999,1.0,0.33299999999999996,0.33299999999999996
Project0193,0.4,3.97,0.433,0.467,1.113,1.4,0.012,0.012
Project0194,0.5,0.040999999999999995,0.528,0.16699999999999998,0.046,0.0,0.0,0.0
Project0195,0.0,0.0,0.0,0.0,0.0,0.0,0.0,0.0
Project0196,0.0,1.0,1.0,0.0,1.0,0.0,0.0,0.0
Project0197,0.733,0.525,0.706,0.889,0.49,0.667,0.256,0.256
Project0198,0.6,1.1440000000000001,0.764,0.33299999999999996,0.40700000000000003,1.0,0.0,0.0
Project0199,0.856,0.5,0.897,0.63,0.7190000000000001,0.778,0.589,0.589
Project0200,1.0,1.0,1.0,0.0,1.0,0.0,0.0,0.0
Project0201,1.0,0.478,0.9009999999999999,1.0,1.0090000000000001,1.0,0.721,0.8420000000000001
Project0202,1.4,1.251,0.747,0.33299999999999996,0.037000000000000005,1.0,0.057,0.067
Project0203,1.0,1.0,1.0,0.0,1.0,0.0,1.0,1.0
Project0204,1.0,1.0,1.0,1.0,1.0,1.0,1.0,1.0
Project0205,0.2,0.593,0.22699999999999998,1.0,0.877,1.0,0.342,0.342
Project0206,0.24,0.272,0.287,0.233,0.066,0.1,0.1,0.1
Project0207,0.9,0.883,0.9470000000000001,1.0,0.8370000000000001,1.0,0.474,1.0
Project0208,0.0,1.0,1.0,1.0,1.0,0.0,0.0,0.0
Project0209,3.2,3.2539999999999996,2.9210000000000003,4.0,4.022,4.0,1.0,3.944
Project0210,0.067,0.294,0.5479999999999999,1.278,0.8029999999999999,2.0,0.111,0.111
Project0211,4.0,2.151,5.082,3.333,3.447,4.0,2.6,2.6
Project0212,0.8,2.086,0.5820000000000001,1.0,0.988,1.0,0.5329999999999999,1.0
Project0213,0.2,1.248,0.442,0.667,0.718,0.0,0.0,0.0
Project0214,0.0,0.0,0.0,0.0,0.0,0.0,0.0,0.0
Project0215,0.0,1.0,1.0,0.0,1.0,0.0,0.0,0.0
Project0216,2.0,1.642,1.375,2.556,1.68,1.3330000000000002,1.014,1.3330000000000002
Project0217,0.8859999999999999,1.516,0.9440000000000001,0.7140000000000001,0.47600000000000003,0.429,0.429,0.429
Project0218,1.0,4.1739999999999995,2.748,0.0,1.0,0.0,0.0,0.0
Project0219,0.0,1.0,1.0,0.0,1.0,0.0,0.0,0.0
Project0220,1.0,2.052,1.0,2.667,1.0,1.0,1.0,1.0
Project0221,2.2,1.0,1.0,1.0,2.081,4.0,1.0,1.0
Project0222,1.0,1.0,1.0,1.0,1.0,4.0,0.0,0.0
Project0223,0.0,1.5290000000000001,0.319,0.33299999999999996,0.585,1.0,0.034,0.28600000000000003
Project0224,1.0,2.178,0.677,0.667,0.336,0.0,0.364,0.5
Project0225,0.2,0.563,0.563,1.0,0.586,1.0,0.25,0.16699999999999998
Project0226,1.0,1.0,1.0,0.0,1.0,0.0,0.0,0.0
Project0227,0.6,1.6569999999999998,0.765,1.6669999999999998,0.67,1.0,0.071,0.33299999999999996
Project0228,1.0,1.6469999999999998,0.514,1.0,1.0,1.0,0.5,1.0
Project0229,0.0,1.0,1.0,0.0,1.0,0.0,0.0,0.0
Project0230,0.0,1.0,1.0,1.0,1.0,1.0,0.0,0.0
Project0231,1.0,1.0,1.0,4.667,1.0,0.0,1.0,1.0
Project0232,0.34,0.276,0.652,0.55,0.19,0.55,0.005,0.005
Project0233,1.0,4.003,1.0,1.0,1.0,0.0,0.0,0.0
Project0234,1.0,1.0,2.186,1.0,1.0,1.0,1.0,1.0
Project0235,0.0,1.0,1.0,0.0,1.0,0.0,0.0,0.0
Project0236,0.8,0.799,0.878,0.667,1.0,1.0,0.667,0.667
Project0237,0.0,1.0,1.0,0.0,1.0,0.0,0.0,0.0
Project0238,0.733,0.209,0.9229999999999999,0.667,0.747,1.0,0.667,0.667
Project0239,1.0,1.0,2.023,0.0,1.0,0.0,0.0,0.0
Project0240,0.0,1.0,1.0,1.0,1.0,0.0,0.0,1.0
Project0241,1.0,1.0,1.0,0.0,1.0,0.0,0.0,0.0
Project0242,1.0,1.0,1.0,1.0,1.0,0.0,0.0,0.0
Project0243,0.2,0.381,0.534,0.0,0.001,1.0,0.05,0.0
Project0244,0.0,1.0,1.0,0.0,1.0,0.0,0.0,0.0
Project0245,1.0,1.0,1.0,0.0,1.0,0.0,0.0,0.0
Project0246,0.114,0.11699999999999999,0.083,0.619,0.534,0.14300000000000002,0.10300000000000001,0.026000000000000002
Project0247,1.0,1.0,1.0,0.0,1.0,0.0,0.0,0.0
Project0248,0.95,0.389,0.909,0.583,0.8009999999999999,1.0,0.75,0.75
Project0249,0.0,1.0,1.0,0.0,1.0,0.0,0.0,0.0
Project0250,0.0,1.0,1.0,0.0,1.0,0.0,0.0,0.0
Project0251,1.0,2.64,1.0,0.0,1.0,0.0,0.0,0.0
Project0252,3.4,2.444,9.262,1.0,1.0,0.0,0.0,3.6
Project0253,0.371,0.045,0.02,0.095,0.151,0.28600000000000003,0.0,0.016
Project0254,1.0,1.0,1.0,1.0,1.0,0.0,1.0,1.0
Project0255,0.45,0.883,0.183,0.833,0.855,0.75,0.431,0.431
Project0256,0.68,0.872,0.047,0.8,0.7609999999999999,0.6,0.14300000000000002,0.4
Project0257,0.017,0.085,0.43200000000000005,0.278,0.038,0.083,0.042,0.042
Project0258,0.578,0.652,0.777,0.7040000000000001,0.6709999999999999,0.667,0.575,0.575
Project0259,0.0,1.0,1.0,0.0,1.0,0.0,0.0,0.0
Project0260,1.0,0.635,1.178,0.667,1.444,0.0,0.797,0.3
Project0261,0.0,1.0,1.0,0.0,1.0,0.0,0.0,0.0
Project0262,0.741,0.61,0.764,0.667,0.767,0.647,0.6,0.6
Project0263,0.145,0.535,0.233,0.03,0.493,0.727,0.027000000000000003,0.023
Project0264,0.84,1.04,0.040999999999999995,0.33299999999999996,0.26,0.8,0.05,0.05
Project0265,1.0,0.08800000000000001,1.089,0.667,0.36700000000000005,0.0,0.0,0.067
Project0266,1.0,1.0,1.0,1.0,1.0,1.0,0.0,0.0
Project0267,1.0,1.0,1.0,1.0,1.0,0.0,0.0,1.0
Project0268,0.0,1.0,1.0,0.0,1.0,0.0,0.0,0.0
Project0269,0.0,3.321,1.0,0.0,1.0,0.0,0.0,0.0
Project0270,0.1,0.47,0.084,0.33299999999999996,0.527,0.5,0.045,0.0
Project0271,2.0,4.731,1.879,2.667,4.235,3.0,1.607,1.8259999999999998
Project0272,0.0,0.0,0.0,0.0,0.0,0.0,0.0,0.0
Project0273,1.0,1.0,1.0,1.0,1.0,0.0,0.0,1.0
Project0274,0.5329999999999999,0.5,0.647,0.444,0.33299999999999996,0.0,0.278,0.33299999999999996
Project0275,0.5329999999999999,0.898,0.179,0.33299999999999996,2.391,5.0,0.22899999999999998,0.33299999999999996
Project0276,0.6,2.9389999999999996,0.385,3.167,1.454,1.5,0.25,0.25
Project0277,2.4,1.0,1.0,1.0,1.0,1.0,1.0,1.0
Project0278,0.0,1.0,1.0,1.0,1.0,0.0,0.0,0.0
Project0279,2.6,2.346,2.106,1.0,1.0,0.0,0.0,1.0
Project0280,1.8,2.177,2.168,2.667,0.5539999999999999,1.0,0.667,0.778
Project0281,4.2,1.0,1.0,1.0,1.0,0.0,0.0,0.0
Project0282,0.2,0.249,0.455,0.0,0.316,1.0,0.16699999999999998,0.16699999999999998
Project0283,0.8,2.8080000000000003,0.253,1.0,0.261,0.0,0.0,0.0
Project0284,0.5329999999999999,0.40399999999999997,0.428,0.222,0.669,0.667,0.069,0.16699999999999998
Project0285,1.0,1.0,1.0,1.0,1.0,3.0,1.0,1.0
Project0286,0.16699999999999998,0.217,0.402,0.48100000000000004,0.046,0.222,0.0,0.037000000000000005
Project0287,0.5329999999999999,0.016,0.49200000000000005,1.0,0.366,1.0,0.5329999999999999,0.562
Project0288,1.0,1.0,1.0,0.0,1.0,0.0,1.0,0.0
Project0289,0.0,1.0,1.0,0.0,1.0,0.0,0.0,0.0
Project0290,1.0,1.0,1.0,0.0,1.0,0.0,0.0,0.0
Project0291,0.6,0.619,0.68,0.667,0.015,1.0,0.0,0.0
Project0292,0.779,0.022000000000000002,0.9440000000000001,0.59,0.5529999999999999,0.282,0.7090000000000001,0.282
Project0293,2.6,0.35200000000000004,4.368,1.3330000000000002,0.461,0.0,0.0,0.14300000000000002
Project0294,0.0,1.0,1.0,0.0,1.0,0.0,0.0,0.0
Project0295,0.0,3.696,1.0,5.0,2.9010000000000002,7.0,1.0,0.0
Project0296,0.68,0.467,0.705,0.6,0.265,0.6,0.537,0.537
Project0297,1.0,1.0,1.0,1.0,1.0,1.0,1.0,1.0
Project0298,0.0,1.0,1.0,0.0,1.0,0.0,0.0,0.0
Project0299,0.0,1.0,1.0,0.0,1.0,0.0,0.0,0.0
Project0300,1.0,1.0,1.0,0.0,1.0,0.0,0.0,0.0
Project0301,0.3,0.71,0.445,0.5,0.22699999999999998,0.0,0.0,0.0
Project0302,0.2,0.16699999999999998,0.113,1.0,1.445,2.0,0.214,0.41700000000000004
Project0303,0.1,0.005,0.10800000000000001,0.41700000000000004,0.33899999999999997,0.25,0.027000000000000003,0.083
Project0304,0.2,0.647,0.28,0.222,0.204,0.0,0.042,0.042
Project0305,0.9,0.782,0.74,0.667,0.995,1.0,0.731,0.731
Project0306,0.0,1.0,1.0,0.0,1.0,0.0,0.0,0.0
Project0307,0.9,1.2930000000000001,0.826,0.5,0.575,0.5,0.5,0.607
Project0308,0.0,1.0,1.0,0.0,1.0,0.0,0.0,0.0
Project0309,0.0,0.41700000000000004,0.451,0.5,0.537,1.0,0.244,0.41700000000000004
Project0310,1.0,1.0,1.0,0.0,1.0,0.0,0.0,0.0
Project0311,1.8,0.259,2.1719999999999997,6.332999999999999,3.304,11.0,2.8489999999999998,2.818
Project0312,1.0,1.0,1.0,1.0,1.0,1.0,1.0,1.0
Project0313,0.0,1.0,1.0,1.0,1.0,0.0,0.0,0.0
Project0314,1.0,1.0,1.0,0.0,1.0,0.0,0.0,0.0
Project0315,1.0,3.128,1.0,0.0,1.0,0.0,0.0,1.0
Project0316,1.0,1.0,1.0,1.0,1.0,0.0,0.0,1.0
Project0317,3.4,2.805,2.094,4.667,0.08800000000000001,0.0,0.33299999999999996,0.33299999999999996
Project0318,0.33299999999999996,0.182,0.28600000000000003,0.33299999999999996,0.408,1.0,0.128,0.5329999999999999
Project0319,0.56,0.129,0.5529999999999999,0.733,0.659,1.4,1.05,0.767
Project0320,0.0,1.0,1.0,0.0,1.0,0.0,0.0,0.0
Project0321,0.193,0.517,0.851,0.43700000000000006,0.14800000000000002,0.276,0.28,0.057
Project0322,0.15,0.11900000000000001,0.087,0.0,0.537,0.25,0.09300000000000001,0.08800000000000001
Project0323,1.0,1.0,1.0,1.0,2.4090000000000003,1.0,1.0,1.0
Project0324,0.1,0.784,0.419,0.083,0.307,0.5,0.115,0.115
Project0325,0.8,0.971,0.691,0.33299999999999996,0.932,1.0,0.7140000000000001,0.7140000000000001
Project0326,0.8,1.386,1.078,1.0,0.919,1.0,0.107,0.375
Project0327,0.0,1.0,1.0,0.0,1.0,0.0,0.0,0.0
Project0328,1.0,2.675,1.0,1.0,2.076,0.0,0.0,0.0
Project0329,0.7,0.153,0.61,0.833,0.7509999999999999,1.0,0.7879999999999999,0.75
Project0330,0.0,1.0,1.0,0.0,1.0,0.0,0.0,0.0
Project0331,1.0,1.0,1.0,0.0,1.0,0.0,0.0,0.0
Project0332,1.0,2.51,1.0,0.0,1.0,0.0,0.0,0.0
Project0333,0.0,1.0,1.0,0.0,1.0,0.0,0.0,0.0
Project0334,1.0,1.095,0.898,1.0,1.0,1.0,0.875,0.875
Project0335,1.0,2.516,1.0,1.0,1.0,0.0,0.0,0.0
Project0336,0.0,1.0,1.0,1.0,1.0,1.0,0.0,0.0
Project0337,0.0,1.0,1.0,0.0,1.0,0.0,0.0,0.0
Project0338,0.8,0.34700000000000003,0.44799999999999995,0.0,0.16399999999999998,0.0,0.0,0.0
Project0339,2.2,1.0,1.0,0.0,1.0,0.0,1.0,0.0
Project0340,1.0,1.0,1.0,1.0,1.0,0.0,0.0,0.0
Project0341,1.2,0.11,0.47100000000000003,1.0,0.759,1.0,0.162,0.273
Project0342,0.0,1.0,1.0,0.0,1.0,0.0,0.0,0.0
Project0343,1.0,1.0,1.0,1.0,1.0,0.0,0.0,0.0
Project0344,0.0,1.0,1.0,0.0,1.0,0.0,0.0,0.0
Project0345,0.0,1.0,1.0,0.0,1.0,0.0,0.0,0.0
Project0346,0.0,1.0,1.0,0.0,1.0,0.0,0.0,0.0
Project0347,0.0,1.0,1.0,0.0,1.0,0.0,0.0,0.0
Project0348,1.0,2.155,1.0,2.667,1.0,0.0,1.0,1.0
Project0349,0.6,0.271,0.145,0.16699999999999998,0.138,0.5,0.055999999999999994,0.0
Project0350,0.0,1.0,1.0,0.0,1.0,0.0,0.0,0.0
Project0351,0.0,1.0,1.0,0.0,1.0,0.0,0.0,0.0
Project0352,1.0,1.0,1.0,0.0,2.01,0.0,0.0,0.0
Project0353,0.0,1.0,1.0,0.0,1.0,0.0,0.0,0.0
Project0354,0.45,0.467,0.006999999999999999,0.75,0.807,1.0,0.21899999999999997,0.0
Project0355,0.0,1.0,1.0,1.0,1.0,3.0,0.0,0.0
Project0356,1.0,1.0,1.0,1.0,1.0,0.0,0.0,0.0
Project0357,0.0,1.0,1.0,0.0,1.0,0.0,0.0,0.0
Project0358,0.0,1.0,1.0,0.0,1.0,0.0,0.0,0.0
Project0359,1.0,1.0,1.0,0.0,1.0,0.0,0.0,0.0
Project0360,0.0,1.0,1.0,0.0,1.0,0.0,0.0,0.0
Project0361,1.8,1.7480000000000002,2.7260000000000004,0.0,0.285,0.0,0.636,0.28600000000000003
Project0362,0.8,0.7070000000000001,1.011,1.0,0.742,1.0,0.273,0.647
Project0363,0.0,3.065,1.0,0.0,1.0,0.0,0.0,0.0
Project0364,0.6,2.405,0.9,0.33299999999999996,0.126,0.0,0.125,0.0
Project0365,0.0,1.0,1.0,0.0,1.0,0.0,0.0,0.0
Project0366,0.2,0.096,0.233,0.0,0.517,0.667,0.036000000000000004,0.036000000000000004
Project0367,6.6,6.806,4.388,3.667,6.449,3.0,4.5,4.0
Project0368,0.5710000000000001,0.063,0.765,0.19,0.005,0.14300000000000002,0.14300000000000002,0.14300000000000002
Project0369,1.0,1.0,1.0,1.0,2.044,1.0,1.0,1.0
Project0370,0.5,1.98,0.46,0.5,0.995,1.0,0.483,0.737
Project0371,1.0,2.415,1.0,0.0,1.0,0.0,0.0,0.0
Project0372,0.0,1.0,1.0,1.0,1.0,1.0,1.0,0.0
Project0373,0.6,0.647,0.542,0.619,0.387,0.429,0.429,0.381
Project0374,1.6,1.359,1.1440000000000001,0.667,0.361,1.0,0.065,0.207
Project0375,0.0,1.0,1.0,0.0,1.0,0.0,0.0,0.0
Project0376,1.0,2.565,1.0,1.0,2.301,1.0,0.0,1.0
Project0377,1.0,1.0,1.0,1.0,1.0,0.0,1.0,1.0
Project0378,0.2,0.442,0.299,0.083,0.248,0.25,0.096,0.096
Project0379,0.1,0.071,0.042,0.0,0.281,1.0,0.062,0.062
Project0380,0.7,0.409,0.569,0.833,0.596,0.75,0.064,0.27
Project0381,0.55,2.6830000000000003,0.262,1.6669999999999998,0.6729999999999999,0.75,0.556,0.5
Project0382,0.6,4.5889999999999995,0.304,0.111,0.068,0.33299999999999996,0.16699999999999998,0.083
Project0383,0.4,0.359,0.18899999999999997,0.5,0.10300000000000001,0.5,0.048,0.048
Project0384,0.2,0.25,0.08800000000000001,0.33299999999999996,0.483,1.0,0.059000000000000004,0.308
Project0385,0.6,3.037,0.306,0.667,0.7070000000000001,0.667,0.41700000000000004,0.48700000000000004
Project0386,1.0,1.0,1.0,0.0,1.0,0.0,0.0,0.0
Project0387,1.0,3.944,1.0,0.0,1.0,0.0,0.0,0.0
Project0388,2.6,3.76,1.0,3.0,3.259,5.0,1.0,2.467
Project0389,1.0,0.12,0.504,0.0,1.0070000000000001,1.0,0.0,0.0
Project0390,3.0,2.335,1.112,6.0,5.775,4.0,1.016,1.0
Project0391,0.05,1.421,0.24600000000000002,0.083,0.633,1.5,0.0,0.0
Project0392,0.75,0.738,0.7190000000000001,0.5,0.7859999999999999,1.0,0.083,0.083
Project0393,0.0,1.0,1.0,0.0,1.0,0.0,0.0,0.0
Project0394,0.2,2.764,0.71,0.667,0.153,0.0,0.0,0.353
Project0395,1.0,1.0,1.0,1.0,1.0,0.0,0.0,1.0
Project0396,0.96,0.017,0.743,0.8,0.7240000000000001,1.0,0.1,0.7090000000000001
Project0397,2.2,2.94,3.056,2.667,1.0,1.0,1.0,1.0
Project0398,0.3,0.6579999999999999,0.083,0.889,1.828,1.167,0.091,0.091
Project0399,2.8,4.5169999999999995,3.1319999999999997,3.0,2.157,0.0,0.0,1.0
Project0400,1.0,1.0,1.0,3.0,3.8739999999999997,0.0,1.0,1.0
Project0401,1.0,4.155,2.2680000000000002,1.0,1.0,0.0,1.0,1.0
Project0402,0.0,1.0,1.0,1.0,1.0,0.0,0.0,0.0
Project0403,1.0,1.0,1.0,0.0,1.0,3.0,0.0,1.0
Project0404,0.0,1.0,1.0,0.0,1.0,0.0,0.0,0.0
Project0405,0.629,0.9279999999999999,0.809,0.28600000000000003,0.251,0.429,0.28600000000000003,0.28600000000000003
Project0406,0.2,5.324,0.677,0.0,1.102,0.5,0.0,0.14300000000000002
Project0407,1.0,0.364,0.9059999999999999,0.0,0.004,0.0,0.273,0.0
Project0408,1.0,1.0,1.0,0.0,1.0,0.0,0.0,0.0
Project0409,0.0,1.0,1.0,0.0,1.0,0.0,0.0,0.0
Project0410,0.0,1.0,1.0,0.0,1.0,0.0,0.0,0.0
Project0411,0.6,0.065,0.201,1.0,0.872,1.0,0.16699999999999998,0.0
Project0412,0.778,0.373,0.9009999999999999,0.48100000000000004,0.486,0.33299999999999996,0.389,0.556
Project0413,0.0,1.0,1.0,0.0,1.0,0.0,0.0,0.0
Project0414,1.0,2.859,2.565,0.0,1.0,1.0,0.0,0.0
Project0415,1.0,1.0,1.0,1.0,1.0,0.0,0.0,1.0
Project0416,0.0,0.0,0.0,0.0,0.0,0.0,0.0,0.0
Project0417,0.9,0.6829999999999999,0.978,1.0,0.9570000000000001,1.0,0.722,0.9259999999999999
Project0418,0.0,1.0,1.0,0.0,1.0,0.0,0.0,0.0
Project0419,1.0,1.0,1.0,0.0,1.0,0.0,0.0,0.0
Project0420,0.18899999999999997,0.46799999999999997,0.337,0.24600000000000002,0.212,0.158,0.07,0.07
Project0421,1.6,0.41600000000000004,0.9670000000000001,1.6669999999999998,1.004,2.0,0.0,0.0
Project0422,0.0,1.0,1.0,0.0,1.0,0.0,0.0,0.0
Project0423,0.7,0.682,0.632,0.5,0.39899999999999997,0.0,0.33299999999999996,0.33299999999999996
Project0424,0.33299999999999996,0.72,0.214,0.111,0.545,1.0,0.013000000000000001,0.013000000000000001
Project0425,0.2,0.743,0.503,1.0,0.40700000000000003,0.0,0.15,0.1
Project0426,1.0,2.025,1.0,0.0,2.013,0.0,0.0,1.0
Project0427,1.0,1.0,1.0,1.0,1.0,0.0,1.0,1.0
Project0428,3.6,1.0,2.872,2.667,2.189,3.0,1.0,1.0
Project0429,0.4,17.24,0.136,1.0,0.7440000000000001,1.0,0.27699999999999997,0.667
Project0430,0.8,0.597,0.754,0.733,0.654,0.8,0.4,0.6
Project0431,2.6,8.494,2.173,1.0,1.0,3.0,1.0,1.0
Project0432,0.0,1.0,1.0,0.0,1.0,0.0,0.0,0.0
Project0433,1.0,0.8009999999999999,0.905,1.0,0.988,1.0,0.0,0.0
Project0434,0.0,1.0,1.0,0.0,1.0,0.0,0.0,0.0
Project0435,2.2,1.0,1.0,3.667,4.016,5.0,1.0,1.0
Project0436,1.0,2.459,1.0,1.0,1.0,1.0,0.0,0.0
Project0437,0.4,2.228,0.4,1.0,0.599,0.0,0.304,0.33299999999999996
Project0438,0.4,0.085,0.736,0.667,0.948,1.0,0.5,0.5
Project0439,1.0,0.217,0.774,1.0,0.9990000000000001,1.0,0.71,0.9359999999999999
Project0440,0.8,0.091,0.7490000000000001,0.667,1.0,1.0,0.3,0.3
Project0441,1.0,1.0,1.0,0.0,1.0,0.0,0.0,0.0
Project0442,0.4,0.544,0.40299999999999997,0.556,0.379,1.0,0.0,0.0
Project0443,1.0,1.0,1.0,1.0,1.0,1.0,0.0,0.0
Project0444,0.0,1.0,1.0,0.0,1.0,0.0,0.0,0.0
Project0445,0.4,0.79,0.175,0.0,0.37200000000000005,0.0,0.0,0.0
Project0446,0.2,1.47,0.282,0.33299999999999996,0.114,0.0,0.077,0.077
Project0447,0.0,1.0,1.0,0.0,1.0,0.0,0.0,0.0
Project0448,0.4,0.353,0.624,0.0,0.419,1.0,0.222,0.0
Project0449,0.0,1.0,1.0,0.0,1.0,1.0,1.0,1.0
Project0450,1.0,1.0,1.0,0.0,1.0,0.0,0.0,0.0
Project0451,10.2,4.123,8.56,5.0,2.531,1.0,0.5710000000000001,0.4
Project0452,1.0,1.0,1.0,0.0,1.0,0.0,0.0,0.0
Project0453,1.0,1.806,0.708,0.33299999999999996,1.0,1.0,0.5,0.3
Project0454,1.0,8.836,1.0,1.0,1.0,0.0,0.0,0.0
Project0455,1.0,3.008,1.0,3.333,2.752,1.0,1.0,1.0
Project0456,0.96,0.88,0.965,0.9,0.831,0.8,0.833,0.833
Project0457,1.0,1.0,1.0,0.0,1.0,0.0,0.0,0.0
Project0458,1.0,2.0869999999999997,1.0,2.333,4.427,5.0,0.0,0.0
Project0459,1.0,2.211,1.0,1.0,1.0,0.0,0.0,0.0
Project0460,0.2,0.017,0.27,3.0,0.644,1.0,0.833,0.9470000000000001
Project0461,0.2,0.321,0.191,0.055999999999999994,0.011000000000000001,0.16699999999999998,0.0,0.0
Project0462,1.0,1.0,1.0,1.0,1.0,0.0,0.0,0.0
Project0463,2.6,0.444,1.59,2.0,1.739,1.0,0.0,0.0
Project0464,1.0,0.8640000000000001,0.975,1.0,0.9670000000000001,1.0,0.75,0.95
Project0465,0.2,0.166,0.149,0.33299999999999996,0.364,0.33299999999999996,0.006999999999999999,0.083
Project0466,0.7,0.8959999999999999,0.669,0.5,0.376,0.5,0.25,0.25
Project0467,0.0,1.0,1.0,1.0,1.0,1.0,0.0,0.0
Project0468,0.0,1.0,1.0,0.0,1.0,0.0,0.0,0.0
Project0469,0.8,1.2109999999999999,0.997,0.33299999999999996,0.753,1.0,0.16699999999999998,0.0
Project0470,0.6,1.0490000000000002,0.486,0.0,0.314,0.0,0.0,0.0
Project0471,1.0,2.6639999999999997,1.0,1.0,1.0,1.0,0.0,0.0
Project0472,2.0,0.721,1.655,0.667,0.506,1.0,0.03,0.405
Project0473,1.0,1.0,1.0,0.0,1.0,0.0,0.0,0.0
Project0474,1.0,1.0,1.0,1.0,1.0,0.0,1.0,0.0
Project0475,1.0,1.0,1.0,0.0,1.0,0.0,0.0,0.0
Project0476,1.0,2.397,1.0,0.0,1.0,0.0,0.0,0.0
Project0477,0.467,0.7559999999999999,0.433,0.111,0.273,0.0,0.034,0.01
Project0478,0.16899999999999998,0.42200000000000004,0.128,0.154,0.057,0.462,0.1,0.12
Project0479,0.4,1.232,0.589,2.0,1.976,1.0,0.125,0.1
Project0480,1.0,5.276,1.0,1.0,1.0,0.0,0.0,0.0
Project0481,4.0,2.0709999999999997,2.9610000000000003,4.0,2.285,1.0,1.0,1.0
Project0482,3.6,3.403,2.957,1.0,2.489,1.0,1.0,1.0
Project0483,0.364,0.49200000000000005,0.6609999999999999,0.303,0.534,0.455,0.441,0.35200000000000004
Project0484,1.0,0.0,0.684,1.0,0.08900000000000001,1.0,0.16699999999999998,0.0
Project0485,0.2,10.238999999999999,0.157,0.0,1.077,1.0,0.0,0.0
Project0486,0.0,0.0,0.0,0.0,0.0,0.0,0.0,0.0
Project0487,0.0,1.0,1.0,0.0,1.0,0.0,0.0,0.0
Project0488,0.0,4.3,0.675,0.667,0.932,1.0,0.0,0.16699999999999998
Project0489,0.8,0.531,0.9420000000000001,1.0,0.5489999999999999,0.5,0.625,0.75
Project0490,0.0,1.0,1.0,2.667,3.011,3.0,1.0,1.0
Project0491,0.0,2.454,1.0,4.0,1.0,0.0,0.0,0.0
Project0492,1.0,1.0,1.0,0.0,1.0,0.0,0.0,0.0
Project0493,0.0,1.0,1.0,0.0,1.0,0.0,0.0,0.0
Project0494,0.2,2.595,0.345,0.33299999999999996,0.348,2.0,0.3,0.3
Project0495,0.4,0.025,0.304,0.0,0.45799999999999996,0.0,0.0,0.125
Project0496,0.0,2.302,1.0,0.0,1.0,0.0,0.0,0.0
Project0497,5.2,0.804,2.526,2.0,0.5539999999999999,6.0,0.5,0.4
Project0498,0.0,1.0,1.0,1.0,3.862,4.0,0.0,0.0
Project0499,0.6,0.897,0.461,0.667,0.542,1.0,0.043,0.0
Project0500,1.0,1.0,1.0,1.0,1.0,0.0,0.0,0.0
Project0501,0.8,1.159,0.838,0.667,0.49700000000000005,0.5,0.5,0.5
Project0502,0.0,1.607,1.034,0.33299999999999996,1.423,2.0,0.09300000000000001,0.294
Project0503,1.0,1.0,1.0,0.0,1.0,0.0,0.0,0.0
Project0504,1.0,5.63,2.241,1.0,1.0,1.0,1.0,1.0
Project0505,0.0,2.512,1.0,0.0,1.0,0.0,0.0,1.0
Project0506,0.6,0.8640000000000001,0.42700000000000005,0.667,1.4569999999999999,1.0,0.5710000000000001,1.0
Project0507,1.0,1.0,1.0,1.0,1.0,0.0,0.0,0.0
Project0508,0.6,0.336,0.679,1.0,0.7090000000000001,0.0,0.0,0.556
Project0509,2.4,1.0,1.0,2.667,2.171,4.0,1.0,1.0
Project0510,1.0,1.0,1.0,0.0,1.0,0.0,0.0,0.0
Project0511,0.8,1.121,1.024,2.0,2.146,2.0,0.077,0.077
Project0512,0.171,0.217,0.506,0.524,0.46799999999999997,1.286,0.0,0.024
Project0513,0.0,1.0,1.0,1.0,1.0,0.0,0.0,0.0
Project0514,0.0,2.245,1.0,0.0,1.0,0.0,0.0,0.0
Project0515,0.8,0.621,0.759,0.778,0.6940000000000001,1.0,0.29600000000000004,0.29600000000000004
Project0516,1.0,1.0,1.0,0.0,1.0,0.0,0.0,0.0
Project0517,0.0,1.0,1.0,0.0,1.0,0.0,0.0,0.0
Project0518,0.667,0.017,0.732,1.0,0.772,1.0,0.235,0.785
Project0519,1.0,1.0,2.019,1.0,1.0,0.0,0.0,0.0
Project0520,0.193,0.11599999999999999,0.8440000000000001,0.36700000000000005,0.08800000000000001,0.133,0.071,0.188
Project0521,1.0,2.449,1.0,0.0,1.0,0.0,0.0,0.0
Project0522,1.0,1.0,2.18,1.0,1.0,1.0,1.0,1.0
Project0523,0.511,0.24100000000000002,0.326,0.40700000000000003,0.091,0.111,0.012,0.012
Project0524,4.6,13.719000000000001,3.234,11.333,8.73,10.0,3.0,4.244
Project0525,2.6,2.3169999999999997,2.254,1.6669999999999998,1.609,3.0,0.88,0.88
Project0526,1.0,1.0,1.0,0.0,1.0,0.0,1.0,1.0
Project0527,0.0,1.0,1.0,0.0,1.0,0.0,0.0,0.0
Project0528,1.0,2.09,1.0,1.0,1.0,0.0,0.0,0.0
Project0529,0.0,1.0,1.0,0.0,1.0,0.0,0.0,0.0
Project0530,1.0,2.352,1.0,1.0,1.0,1.0,1.0,1.0
Project0531,1.0,3.069,1.0,0.0,1.0,0.0,0.0,0.0
Project0532,1.0,1.0,1.0,0.0,1.0,0.0,0.0,0.0
Project0533,0.0,1.0,1.0,0.0,1.0,0.0,0.0,0.0
Project0534,0.2,0.11599999999999999,0.10099999999999999,0.222,0.063,0.0,0.0,0.015
Project0535,0.0,1.0,1.0,0.0,1.0,0.0,0.0,0.0
Project0536,0.7,0.348,0.505,0.16699999999999998,0.11599999999999999,0.0,0.395,0.1
Project0537,1.0,1.0,1.0,1.0,1.0,0.0,0.0,0.0
Project0538,0.0,1.0,1.0,0.0,1.0,0.0,0.0,0.0
Project0539,0.0,1.0,1.0,0.0,1.0,0.0,0.0,0.0
Project0540,0.583,0.065,0.745,0.444,1.5190000000000001,2.5,0.036000000000000004,0.16699999999999998
Project0541,0.45299999999999996,0.28600000000000003,0.614,0.067,0.515,0.6,0.37799999999999995,0.37799999999999995
Project0542,0.743,0.491,0.59,0.47600000000000003,0.625,0.5710000000000001,0.446,0.446
Project0543,0.8,0.6829999999999999,0.8240000000000001,1.0,1.0,1.0,0.5,0.5
Project0544,1.0,3.25,1.0,1.0,1.0,1.0,0.0,0.0
Project0545,0.0,1.0,1.0,0.0,1.0,0.0,0.0,0.0
Project0546,0.0,1.0,1.0,1.0,1.0,1.0,0.0,0.0
Project0547,0.0,1.0,1.0,0.0,1.0,0.0,0.0,0.0
Project0548,0.067,0.7659999999999999,0.502,1.0,0.946,1.0,0.07400000000000001,0.07400000000000001
Project0549,1.0,1.0,1.0,0.0,1.0,0.0,1.0,0.0
Project0550,0.6,0.902,0.0,0.083,0.166,0.0,0.125,0.042
Project0551,1.4,0.568,3.069,1.222,0.701,0.667,0.667,1.137
Project0552,1.0,1.0,1.0,1.0,2.381,3.0,1.0,1.0
Project0553,0.0,1.0,1.0,0.0,1.0,0.0,0.0,0.0
Project0554,0.733,0.698,0.764,0.778,0.715,0.833,0.631,0.72
Project0555,1.0,2.485,1.0,0.0,1.0,0.0,0.0,0.0
Project0556,1.0,1.141,0.726,0.667,0.9890000000000001,1.0,0.0,0.0
Project0557,0.0,1.0,1.0,0.0,1.0,0.0,0.0,0.0
Project0558,0.2,0.34700000000000003,0.042,1.6669999999999998,0.126,5.0,0.0,0.0
Project0559,1.0,1.0,1.0,0.0,1.0,0.0,0.0,0.0
Project0560,0.0,2.035,1.0,0.0,1.0,0.0,0.0,1.0
Project0561,0.0,1.335,0.154,0.0,0.682,1.0,0.1,0.1
Project0562,1.0,1.0,1.0,2.333,1.0,1.0,1.0,1.0
Project0563,0.875,0.135,0.8909999999999999,0.5,0.245,0.5,0.225,0.344
Project0564,0.4,1.11,0.38,0.0,0.10400000000000001,0.0,0.0,0.16699999999999998
Project0565,1.0,1.0,1.0,1.0,1.0,1.0,1.0,1.0
Project0566,1.0,1.0,1.0,1.0,1.0,0.0,1.0,1.0
Project0567,0.0,1.0,1.0,1.0,1.0,0.0,0.0,0.0
Project0568,2.4,6.782,1.2329999999999999,5.0,4.695,5.0,1.038,1.8119999999999998
Project0569,0.0,0.0,0.0,0.0,0.0,0.0,0.0,0.0
Project0570,1.0,2.15,1.0,0.0,2.001,3.0,0.0,0.0
Project0571,2.2,2.225,2.013,0.0,2.432,6.0,1.0,2.2769999999999997
Project0572,0.7140000000000001,0.7509999999999999,0.883,0.857,0.857,0.857,0.429,0.5710000000000001
Project0573,1.0,1.0,1.0,1.0,1.0,0.0,0.0,0.0
Project0574,0.511,0.278,0.735,0.444,0.33899999999999997,0.444,0.172,0.19399999999999998
Project0575,0.8,1.177,0.027999999999999997,1.6669999999999998,1.452,2.0,0.065,0.2
Project0576,0.2,2.802,0.13699999999999998,1.3330000000000002,0.615,0.0,0.0,0.045
Project0577,0.0,1.0,1.0,0.0,1.0,0.0,0.0,0.0
Project0578,1.0,0.763,0.732,0.33299999999999996,1.0,1.0,0.25,0.25
Project0579,1.0,0.54,0.6709999999999999,1.0,1.0,1.0,0.812,1.0
Project0580,0.0,1.0,1.0,0.0,1.0,0.0,0.0,0.0
Project0581,0.057,0.5379999999999999,0.205,0.19,0.13,0.14300000000000002,0.011000000000000001,0.071
Project0582,0.7,1.004,0.71,0.5,0.305,0.5,0.33299999999999996,0.33299999999999996
Project0583,2.3,2.355,1.025,4.667,2.38,4.0,0.721,0.77
Project0584,0.0,1.0,1.0,0.0,1.0,0.0,0.0,0.0
Project0585,0.0,1.0,1.0,0.0,1.0,0.0,0.0,0.0
Project0586,0.0,1.0,1.0,1.0,1.0,0.0,0.0,0.0
Project0587,3.4,3.263,1.883,2.333,1.828,2.0,0.5760000000000001,1.057
Project0588,1.0,2.64,1.0,0.0,1.0,0.0,0.0,0.0
Project0589,0.727,0.337,0.7390000000000001,0.727,0.667,0.636,0.591,0.606
Project0590,0.0,1.0,1.0,0.0,1.0,0.0,0.0,0.0
Project0591,0.4,0.048,0.7120000000000001,1.0,0.507,1.0,0.27899999999999997,0.111
Project0592,1.0,4.9239999999999995,1.0,1.0,2.136,1.0,1.0,1.0
Project0593,0.0,1.0,1.0,0.0,1.0,0.0,0.0,0.0
Project0594,2.2,3.1660000000000004,1.765,2.667,2.7439999999999998,2.0,0.17600000000000002,0.312
Project0595,2.4,1.0,2.965,1.0,2.064,1.0,2.545,1.0
Project0596,1.0,2.299,2.234,1.0,1.0,0.0,1.0,0.0
Project0597,0.4,0.40700000000000003,0.527,0.667,0.4,1.0,0.5,1.0
Project0598,1.0,2.855,1.0,1.0,1.0,0.0,0.0,0.0
Project0599,1.0,1.0,1.0,0.0,1.0,0.0,1.0,0.0
Project0600,0.0,1.0,1.0,0.0,1.0,0.0,0.0,0.0
Project0601,1.0,1.0,1.0,1.0,1.0,0.0,0.0,0.0
Project0602,2.6,0.996,2.056,2.667,2.678,3.667,0.37,0.37
Project0603,0.0,1.0,1.0,0.0,1.0,0.0,0.0,0.0
Project0604,1.0,2.32,0.87,0.667,0.89,1.0,0.33299999999999996,0.33299999999999996
Project0605,1.0,1.0,1.0,1.0,1.0,0.0,0.0,0.0
Project0606,0.0,1.0,1.0,1.0,1.0,0.0,0.0,0.0
Project0607,0.7,0.326,0.78,0.5,0.63,0.5,0.027999999999999997,0.027999999999999997
Project0608,0.467,2.324,0.251,0.889,0.5820000000000001,0.667,0.0,0.28600000000000003
Project0609,1.0,1.0,1.0,1.0,1.0,3.0,1.0,1.0
Project0610,0.7,1.695,0.809,0.833,0.883,1.0,0.14300000000000002,0.14300000000000002
Project0611,0.0,1.0,1.0,1.0,1.0,0.0,0.0,0.0
Project0612,0.0,1.0,1.0,0.0,1.0,0.0,0.0,0.0
Project0613,0.6,0.867,0.7170000000000001,0.33299999999999996,1.072,1.0,0.345,0.3
Project0614,0.0,0.627,0.512,0.0,0.27699999999999997,2.0,0.28600000000000003,0.2
Project0615,0.0,1.7919999999999998,0.12300000000000001,0.33299999999999996,0.204,1.0,0.026000000000000002,0.026000000000000002
Project0616,0.9670000000000001,0.9279999999999999,0.9440000000000001,0.9440000000000001,0.951,1.0,0.892,0.892
Project0617,0.8,0.6579999999999999,0.728,0.33299999999999996,0.087,0.0,0.154,0.154
Project0618,0.6,0.815,0.9159999999999999,1.0,1.0,1.0,0.722,1.0
Project0619,1.0,2.935,1.0,0.0,1.0,0.0,1.0,1.0
Project0620,0.0,0.9440000000000001,0.085,0.667,0.353,1.0,0.182,0.182
Project0621,1.0,2.7489999999999997,1.0,0.0,1.0,1.0,0.0,0.0
Project0622,0.84,0.228,0.682,0.067,0.003,0.2,0.04,0.133
Project0623,0.56,0.8420000000000001,0.8220000000000001,0.633,0.659,0.4,0.38,0.38
Project0624,0.094,0.209,0.401,0.314,0.013999999999999999,0.11800000000000001,0.0,0.031
Project0625,1.0,1.0,1.0,0.0,1.0,0.0,0.0,0.0
Project0626,0.5429999999999999,0.16899999999999998,0.37799999999999995,0.28600000000000003,0.099,0.28600000000000003,0.122,0.122
Project0627,0.0,1.0,1.0,0.0,1.0,0.0,0.0,0.0
Project0628,0.0,1.0,1.0,0.0,1.0,0.0,0.0,0.0
Project0629,0.9,0.098,0.593,0.33299999999999996,0.05,0.0,0.275,0.0
Project0630,0.6,0.315,0.486,2.0,1.4669999999999999,1.0,0.018000000000000002,0.0
Project0631,2.2,3.0239999999999996,2.6010000000000004,2.667,2.917,3.0,1.0,1.0
Project0632,1.0,0.158,0.24100000000000002,1.0,1.0,1.0,0.61,0.61
Project0633,0.5710000000000001,0.762,0.7070000000000001,0.47600000000000003,0.547,0.7140000000000001,0.44,0.46399999999999997
Project0634,0.28600000000000003,0.08199999999999999,0.88,0.49,0.406,0.49,0.275,0.183
Project0635,0.1,0.153,0.07,0.33299999999999996,0.6779999999999999,0.5,0.013999999999999999,0.25
Project0636,0.8,0.7929999999999999,0.9,0.667,0.963,0.5,0.5,0.667
Project0637,1.0,1.0,1.0,1.0,1.0,0.0,0.0,0.0
Project0638,0.0,1.0,1.0,0.0,1.0,0.0,0.0,0.0
Project0639,0.9329999999999999,0.636,0.887,0.778,0.6809999999999999,0.667,0.75,0.7879999999999999
Project0640,0.467,0.495,0.207,1.0,0.026000000000000002,1.0,0.20600000000000002,0.20600000000000002
Project0641,0.9670000000000001,0.807,0.914,0.833,0.885,0.833,0.821,0.821
Project0642,0.7,0.244,0.821,0.833,0.8190000000000001,0.7859999999999999,0.067,0.217
Project0643,1.0,1.0,1.0,0.0,1.0,3.0,0.0,1.0
Project0644,1.0,1.0,1.0,1.0,1.0,1.0,1.0,1.0
Project0645,0.4,0.6679999999999999,0.599,0.33299999999999996,0.064,0.0,0.0,0.0
Project0646,0.0,1.0,1.0,0.0,1.0,0.0,0.0,0.0
Project0647,0.0,3.523,1.0,1.0,2.8760000000000003,0.0,1.0,1.0
Project0648,0.28,0.177,0.294,0.267,0.303,0.2,0.1,0.1
Project0649,0.633,0.65,0.665,0.5,0.6629999999999999,0.833,0.25,0.5670000000000001
Project0650,0.6,0.608,0.8220000000000001,0.33299999999999996,0.239,0.0,0.33299999999999996,0.33299999999999996
Project0651,1.0,1.0,1.0,1.0,1.0,0.0,0.0,0.0
Project0652,1.0,1.0,1.0,1.0,1.0,1.0,1.0,1.0
Project0653,1.0,1.0,1.0,1.0,1.0,0.0,0.0,1.0
Project0654,1.0,2.9339999999999997,1.0,4.667,1.0,0.0,1.0,1.0
Project0655,1.0,1.5390000000000001,0.728,1.0,1.0,1.0,0.5710000000000001,0.625
Project0656,2.4,2.0140000000000002,3.847,3.0,3.0010000000000003,3.0,2.7689999999999997,2.793
Project0657,0.0,1.0,1.0,0.0,1.0,0.0,0.0,0.0
Project0658,1.0,1.0,1.0,0.0,1.0,0.0,0.0,0.0
Project0659,1.0,2.005,1.0,1.0,1.0,0.0,0.0,0.0
Project0660,1.0,1.0,1.0,1.0,1.0,0.0,0.0,0.0
Project0661,1.0,3.622,0.166,0.33299999999999996,1.072,1.0,0.667,0.667
Project0662,1.0,0.092,0.836,1.0,1.001,1.0,0.0,1.0
Project0663,1.0,1.0,1.0,1.0,1.0,1.0,1.0,1.0
Project0664,0.9,4.337,0.835,1.0,0.603,1.0,0.0,0.0
Project0665,1.0,0.986,0.746,1.0,0.993,1.0,0.611,0.611
Project0666,0.2,0.63,0.33,0.667,0.79,0.0,0.0,0.0
Project0667,0.0,2.065,1.0,0.0,1.0,0.0,0.0,0.0
Project0668,0.0,0.0,0.0,0.0,0.0,0.0,0.0,0.0
Project0669,0.8,4.52,0.8959999999999999,0.33299999999999996,0.8059999999999999,1.0,0.4,0.0
Project0670,0.6,1.025,0.8240000000000001,0.667,0.9329999999999999,1.0,0.6,0.4
Project0671,0.3,0.016,0.114,0.083,0.065,0.0,0.05,0.05
Project0672,0.0,1.251,0.002,0.0,0.7070000000000001,0.0,0.0,0.0
Project0673,0.6,0.369,0.42,0.667,0.17300000000000001,0.0,0.0,0.0
Project0674,0.0,1.0,1.0,0.0,1.0,1.0,1.0,0.0
Project0675,0.0,1.0,1.0,3.667,3.199,4.0,1.0,1.0
Project0676,0.6,1.179,0.958,0.667,0.805,1.0,0.0,0.33299999999999996
Project0677,1.0,1.0,1.0,0.0,1.0,0.0,0.0,0.0
Project0678,1.0,1.0,1.0,1.0,1.0,0.0,0.0,0.0
Project0679,0.0,1.0,1.0,1.0,1.0,0.0,0.0,0.0
Project0680,0.0,1.0,1.0,1.0,1.0,0.0,0.0,0.0
Project0681,0.8,0.561,0.8690000000000001,0.917,0.885,1.0,0.3,0.3
Project0682,0.0,0.0,0.0,0.0,0.0,0.0,0.0,0.0
Project0683,2.2,2.294,2.0869999999999997,1.0,2.2430000000000003,1.0,0.0,1.0
Project0684,3.6,1.0,3.455,2.333,3.2060000000000004,3.0,1.0,1.0
Project0685,1.0,1.0,1.0,1.0,1.0,1.0,1.0,1.0
Project0686,0.0,1.0,1.0,0.0,1.0,0.0,0.0,0.0
Project0687,0.314,3.0180000000000002,0.035,0.905,0.018000000000000002,0.28600000000000003,0.016,0.016
Project0688,1.0,2.088,1.0,1.0,1.0,0.0,0.0,0.0
Project0689,0.2,1.912,0.685,0.667,0.746,2.0,0.036000000000000004,0.125
Project0690,0.5,0.528,0.006999999999999999,0.33299999999999996,0.7020000000000001,0.5,0.071,0.08800000000000001
Project0691,1.0,1.0,1.0,1.0,1.0,1.0,1.0,0.0
Project0692,2.4,3.195,0.9129999999999999,3.333,2.823,2.0,0.042,0.106
Project0693,0.32,0.758,0.29,0.4,0.19,0.6,0.013000000000000001,0.013000000000000001
Project0694,3.0,3.116,2.569,2.667,2.7960000000000003,1.0,1.0,1.0
Project0695,0.0,1.0,1.0,0.0,1.0,0.0,0.0,0.0
Project0696,1.0,0.909,0.741,0.33299999999999996,0.581,0.0,0.0,0.16699999999999998
Project0697,0.2,3.7939999999999996,0.425,1.6669999999999998,0.981,0.5,0.17300000000000001,0.217
Project0698,0.9329999999999999,1.19,0.904,0.963,0.95,1.0,0.644,0.685
Project0699,1.0,1.0,1.0,0.0,1.0,0.0,0.0,0.0
Project0700,2.6,1.0,2.7460000000000004,2.333,2.5269999999999997,1.0,1.0,1.0
Project0701,0.0,1.0,1.0,0.0,1.0,0.0,0.0,0.0
Project0702,0.8,1.538,1.02,1.0,0.963,1.0,0.46299999999999997,0.467
Project0703,4.6,5.725,3.464,2.667,2.278,1.0,1.0,0.0
Project0704,0.0,0.102,0.23399999999999999,0.33299999999999996,0.335,1.0,0.0,0.0
Project0705,1.0,1.0,1.0,1.0,2.151,3.0,0.0,0.0
Project0706,1.0,1.0,2.03,1.0,1.0,1.0,1.0,1.0
Project0707,0.0,1.0,1.0,2.333,2.799,1.0,1.0,1.0
Project0708,1.0,1.0,1.0,1.0,1.0,1.0,1.0,1.0
Project0709,0.8,0.042,0.868,1.0,0.672,1.0,0.085,0.5710000000000001
Project0710,0.0,1.0,1.0,0.0,1.0,0.0,0.0,0.0
Project0711,1.0,1.0,1.0,1.0,1.0,0.0,0.0,0.0
Project0712,1.0,0.324,0.8809999999999999,0.0,0.18899999999999997,1.0,0.25,0.25
Project0713,0.0,1.0,1.0,0.0,1.0,0.0,0.0,0.0
Project0714,0.467,0.718,0.19399999999999998,0.33299999999999996,0.268,0.33299999999999996,0.111,0.111
Project0715,1.0,1.0,1.0,1.0,1.0,0.0,1.0,1.0
Project0716,0.133,0.531,0.239,0.556,0.305,0.33299999999999996,0.0,0.0
Project0717,2.2,2.347,0.8190000000000001,0.0,1.57,2.0,0.0,0.205
Project0718,0.9,1.827,0.66,0.0,0.271,0.5,0.0,0.0
Project0719,1.4,1.5219999999999998,1.23,2.333,1.2590000000000001,2.0,0.244,0.511
Project0720,1.0,1.0,1.0,0.0,1.0,0.0,0.0,0.0
Project0721,1.0,4.529,1.0,1.0,1.0,0.0,1.0,1.0
Project0722,0.0,0.0,0.0,0.0,0.0,0.0,0.0,0.0
Project0723,2.2,1.0,1.0,1.0,1.0,4.0,2.214,1.0
Project0724,1.0,0.985,0.688,1.0,0.809,1.0,0.33299999999999996,0.932
Project0725,2.6,1.0,1.0,1.0,1.0,3.0,1.0,1.0
Project0726,0.2,0.177,0.271,0.889,0.779,1.0,0.006999999999999999,0.5479999999999999
Project0727,0.0,1.0,1.0,0.0,1.0,0.0,0.0,0.0
Project0728,1.0,1.0,1.0,1.0,1.0,1.0,0.0,0.0
Project0729,1.0,0.59,0.975,1.0,1.0,1.0,0.091,1.0
Project0730,0.2,2.948,0.38,1.0,1.3780000000000001,2.0,0.039,0.7
Project0731,1.0,1.0,1.0,1.0,2.347,0.0,1.0,1.0
Project0732,0.0,0.10099999999999999,0.336,1.0,0.09300000000000001,1.0,0.0,0.0
Project0733,0.6,1.064,0.24600000000000002,1.0,0.88,1.0,0.105,0.375
Project0734,1.0,1.0,1.0,1.0,1.0,0.0,0.0,0.0
Project0735,1.0,1.0,1.0,0.0,1.0,0.0,0.0,0.0
Project0736,1.0,1.0,1.0,0.0,1.0,0.0,0.0,0.0
Project0737,1.4,0.145,0.794,3.0,2.887,5.0,1.608,2.625
Project0738,0.2,1.955,0.4,0.0,0.332,0.0,0.0,0.0
Project0739,1.0,1.0,1.0,0.0,1.0,0.0,0.0,0.0
Project0740,0.0,1.0,1.0,0.0,1.0,0.0,0.0,0.0
Project0741,1.0,1.0,1.0,1.0,2.363,1.0,1.0,1.0
Project0742,0.5,0.138,0.361,0.41700000000000004,0.25,0.0,0.012,0.023
Project0743,0.65,0.214,0.475,0.33299999999999996,0.136,0.5,0.125,0.125
Project0744,0.0,1.0,1.0,0.0,1.0,0.0,0.0,0.0
Project0745,1.0,2.044,1.0,0.0,2.931,4.0,1.0,1.0
Project0746,3.8,3.485,2.846,2.333,2.86,0.0,1.0,1.0
Project0747,0.0,0.0,0.0,0.0,0.0,0.0,0.0,0.0
Project0748,0.267,0.505,0.085,0.444,0.583,0.667,0.4,0.4
Project0749,0.0,1.0,1.0,1.0,1.0,1.0,0.0,0.0
Project0750,0.8,2.233,0.665,0.33299999999999996,0.237,0.0,0.33299999999999996,0.5
Project0751,0.7,0.478,0.904,0.667,0.569,1.0,0.611,0.611
Project0752,0.0,1.0,1.0,0.0,1.0,0.0,0.0,0.0
Project0753,0.0,1.0,1.0,0.0,1.0,0.0,0.0,0.0
Project0754,0.8,0.5720000000000001,0.63,0.0,0.5579999999999999,0.0,0.231,0.0
Project0755,0.0,1.0,1.0,0.0,1.0,0.0,0.0,0.0
Project0756,0.8,4.0,0.8759999999999999,0.33299999999999996,0.316,0.0,0.0,0.5
Project0757,0.0,1.0,1.0,0.0,1.0,0.0,0.0,0.0
Project0758,0.0,1.0,1.0,0.0,1.0,0.0,0.0,0.0
Project0759,1.0,1.0,1.0,1.0,2.47,1.0,1.0,1.0
Project0760,1.0,2.327,2.202,2.333,2.147,1.0,1.0,1.0
Project0761,1.0,0.9570000000000001,0.8340000000000001,1.0,1.0,1.0,0.818,0.818
Project0762,0.2,0.376,0.099,0.5,1.5619999999999998,2.0,0.775,0.912
Project0763,1.0,1.0,1.0,1.0,1.0,1.0,1.0,1.0
Project0764,0.0,2.6489999999999996,1.0,0.0,1.0,0.0,0.0,0.0
Project0765,0.4,0.341,0.306,0.0,0.054000000000000006,0.0,0.0,0.1
Project0766,1.0,1.0,1.0,2.667,1.0,1.0,1.0,0.0
Project0767,0.4,0.27,0.172,0.667,1.033,3.0,0.0,0.41700000000000004
Project0768,0.6,0.6559999999999999,0.774,0.833,0.996,1.0,0.6,0.6
Project0769,0.0,1.0,1.0,0.0,1.0,0.0,0.0,0.0
Project0770,0.6,3.739,0.054000000000000006,0.667,0.386,1.0,0.077,0.28600000000000003
Project0771,0.68,0.495,0.466,0.667,0.373,1.0,0.033,0.25
Project0772,1.0,1.0,1.0,1.0,1.0,1.0,1.0,1.0
Project0773,1.0,1.0,2.0380000000000003,1.0,2.155,1.0,1.0,0.0
Project0774,0.0,2.81,1.0,0.0,1.0,0.0,0.0,0.0
Project0775,2.6,2.184,2.687,3.0,2.66,3.0,2.4619999999999997,2.6839999999999997
Project0776,0.0,1.0,1.0,0.0,1.0,0.0,0.0,0.0
Project0777,0.0,1.0,1.0,0.0,1.0,0.0,0.0,0.0
Project0778,0.429,0.534,0.447,0.381,0.33899999999999997,0.14300000000000002,0.28600000000000003,0.28600000000000003
Project0779,0.0,0.20199999999999999,0.209,1.0,0.486,1.0,0.0,0.0
Project0780,0.9670000000000001,0.777,0.877,0.778,0.682,1.0,0.5,0.833
Project0781,0.96,0.518,0.247,0.467,0.9990000000000001,1.6,0.364,0.867
Project0782,0.6,0.195,0.552,0.16699999999999998,0.161,0.0,0.182,0.182
Project0783,1.0,1.0,2.387,1.0,1.0,1.0,0.0,0.0
Project0784,0.0,1.0,1.0,0.0,1.0,0.0,0.0,0.0
Project0785,0.0,1.0,1.0,0.0,1.0,0.0,0.0,0.0
Project0786,1.0,1.0,2.4530000000000003,1.0,2.968,0.0,1.0,1.0
Project0787,0.0,1.0,1.0,1.0,1.0,0.0,1.0,0.0
Project0788,0.8,0.883,0.7140000000000001,1.0,0.927,0.0,0.33299999999999996,0.33299999999999996
Project0789,1.0,1.0,1.0,1.0,1.0,1.0,1.0,1.0
Project0790,0.0,1.0,1.0,0.0,1.0,0.0,0.0,0.0
Project0791,1.0,0.105,0.652,0.33299999999999996,0.16,1.0,0.0,0.0
Project0792,0.0,1.0,1.0,0.0,1.0,0.0,0.0,0.0
Project0793,1.0,3.0,1.0,1.0,1.0,0.0,0.0,0.0
Project0794,0.9,0.153,0.7959999999999999,0.667,0.632,0.75,0.125,0.33799999999999997
Project0795,1.0,1.0,1.0,0.0,1.0,0.0,0.0,0.0
Project0796,1.0,1.0,1.0,0.0,1.0,0.0,0.0,0.0
Project0797,1.0,0.304,0.8420000000000001,1.3330000000000002,0.168,1.0,0.278,0.091
Project0798,1.0,1.126,0.823,1.0,1.0,1.0,0.889,0.889
Project0799,0.52,0.221,0.034,0.267,0.079,0.2,0.0,0.1
Project0800,0.0,1.0,1.0,0.0,1.0,0.0,0.0,0.0
Project0801,0.0,1.0,1.0,0.0,1.0,0.0,0.0,0.0
Project0802,0.0,3.105,1.0,0.0,1.0,0.0,0.0,0.0
Project0803,1.0,0.091,0.22,0.33299999999999996,0.8959999999999999,1.0,0.0,0.111
Project0804,0.0,1.0,1.0,0.0,1.0,0.0,0.0,0.0
Project0805,1.0,0.087,0.47,1.0,0.915,1.0,0.7170000000000001,1.0
Project0806,0.0,1.0,1.0,1.0,1.0,0.0,0.0,0.0
Project0807,0.0,1.0,1.0,0.0,1.0,0.0,0.0,0.0
Project0808,0.0,1.0,1.0,2.333,1.0,0.0,0.0,0.0
Project0809,2.4,1.0,2.265,1.0,2.18,1.0,1.0,1.0
Project0810,1.0,2.637,2.097,1.0,2.055,1.0,1.0,1.0
Project0811,2.2,1.0,1.0,1.0,1.0,4.0,1.0,1.0
Project0812,0.8,4.448,0.501,0.5,2.17,0.5,0.055999999999999994,0.055999999999999994
Project0813,0.0,0.0,0.0,0.0,0.0,0.0,0.0,0.0
Project0814,1.0,1.0,1.0,0.0,1.0,1.0,0.0,0.0
Project0815,0.0,1.0,1.0,0.0,1.0,0.0,0.0,0.0
Project0816,0.2,0.158,0.044000000000000004,1.0,0.309,1.0,0.024,0.024
Project0817,1.0,0.114,0.8190000000000001,1.0,0.9840000000000001,1.0,0.667,0.7
Project0818,0.7,1.176,0.7070000000000001,0.5,0.361,1.0,0.0,0.0
Project0819,0.0,1.0,1.0,0.0,1.0,0.0,0.0,0.0
Project0820,0.7,0.7559999999999999,0.7490000000000001,0.833,0.76,1.0,0.026000000000000002,0.595
Project0821,0.4,1.32,0.113,1.6669999999999998,1.422,3.0,0.0,0.0
Project0822,0.0,1.0,1.0,0.0,1.0,0.0,0.0,0.0
Project0823,0.55,0.073,0.131,0.583,0.48200000000000004,0.5,0.294,0.303
Project0824,1.0,1.0,1.0,0.0,1.0,0.0,0.0,0.0
Project0825,0.4,0.191,0.616,0.667,0.6609999999999999,0.75,0.094,0.094
Project0826,0.5,0.11,0.711,0.75,0.45899999999999996,0.75,0.25,0.43799999999999994
Project0827,1.0,1.0,1.0,0.0,1.0,0.0,0.0,0.0
Project0828,0.6,0.35,0.034,0.667,0.24600000000000002,0.0,0.0,0.0
Project0829,0.0,1.0,1.0,0.0,1.0,0.0,0.0,0.0
Project0830,0.8,0.044000000000000004,0.7020000000000001,0.833,0.765,0.75,0.625,0.7
Project0831,1.0,0.679,0.9540000000000001,1.0,0.8109999999999999,1.0,0.8,0.8
Project0832,0.4,1.268,0.948,0.33299999999999996,0.207,0.0,0.0,0.0
Project0833,1.0,1.0,1.0,1.0,1.0,0.0,0.0,0.0
Project0834,3.2,1.0,2.424,4.667,6.356,6.0,2.714,2.667
Project0835,0.0,1.0,1.0,0.0,1.0,0.0,0.0,0.0
Project0836,0.0,2.356,1.0,0.0,1.0,0.0,0.0,0.0
Project0837,1.0,1.0,1.0,1.0,1.0,0.0,0.0,0.0
Project0838,0.8,0.602,0.6579999999999999,0.5,0.8170000000000001,1.0,0.5,0.5
Project0839,2.6,1.0,1.0,1.0,1.0,0.0,0.0,0.0
Project0840,0.0,0.0,0.0,0.0,0.0,0.0,0.0,0.0
Project0841,0.0,1.0,1.0,0.0,1.0,0.0,0.0,0.0
Project0842,0.2,0.8909999999999999,0.444,0.0,0.29600000000000004,0.0,0.409,0.0
Project0843,0.733,3.214,0.635,0.444,0.428,0.667,0.14800000000000002,0.467
Project0844,1.0,2.8160000000000003,1.0,1.0,2.1180000000000003,1.0,1.0,1.0
Project0845,2.4,2.4819999999999998,1.0,4.667,3.077,1.0,1.0,2.917
Project0846,1.0,0.596,0.8640000000000001,1.0,0.001,0.0,0.0,0.33299999999999996
Project0847,0.5329999999999999,1.617,0.27,0.111,0.21600000000000003,2.667,0.308,0.10300000000000001
Project0848,0.8,0.528,0.556,0.16699999999999998,1.454,0.5,0.048,0.2
Project0849,0.0,1.0,1.0,0.0,1.0,0.0,0.0,0.0
Project0850,0.0,1.0,1.0,0.0,1.0,0.0,0.0,0.0
Project0851,0.96,0.574,0.9490000000000001,0.767,0.8270000000000001,0.9,0.7,0.7
Project0852,1.0,1.357,1.08,1.0,0.943,1.0,0.659,0.9229999999999999
Project0853,1.0,1.0,1.0,0.0,1.0,0.0,0.0,0.0
Project0854,0.0,1.0,1.0,1.0,1.0,0.0,0.0,0.0
Project0855,0.0,0.0,0.0,0.0,0.0,0.0,0.0,0.0
Project0856,0.0,1.0,1.0,0.0,1.0,0.0,0.0,0.0
Project0857,0.325,0.252,0.496,0.583,0.33299999999999996,0.375,0.062,0.321
Project0858,0.0,1.0,1.0,0.0,1.0,0.0,0.0,0.0
Project0859,1.0,0.8490000000000001,0.9590000000000001,1.0,0.997,1.0,0.5329999999999999,0.9440000000000001
Project0860,1.0,1.0,1.0,0.0,1.0,0.0,0.0,0.0
Project0861,0.489,0.363,0.73,0.111,0.14400000000000002,0.222,0.222,0.037000000000000005
Project0862,0.6,0.105,0.5710000000000001,0.0,0.001,0.0,0.0,0.2
Project0863,0.0,1.0,1.0,0.0,1.0,0.0,0.0,0.0
Project0864,0.0,1.0,1.0,0.0,1.0,0.0,0.0,0.0
Project0865,0.0,1.0,1.0,0.0,1.0,0.0,0.0,0.0
Project0866,0.8,1.764,0.32899999999999996,0.0,0.501,1.0,0.25,0.25
Project0867,0.0,1.0,1.0,0.0,1.0,0.0,0.0,0.0
Project0868,1.0,1.0,1.0,0.0,1.0,0.0,0.0,0.0
Project0869,1.6,2.016,0.006,2.333,2.097,2.0,0.0,0.16699999999999998
Project0870,1.0,1.011,0.92,1.0,1.0,1.0,1.0,1.0
Project0871,1.0,2.1319999999999997,1.0,1.0,1.0,0.0,0.0,0.0
Project0872,0.0,4.729,1.0,1.0,1.0,1.0,0.0,0.0
Project0873,0.0,0.0,0.0,0.0,0.0,0.0,0.0,0.0
Project0874,0.0,1.0,1.0,1.0,1.0,0.0,0.0,0.0
Project0875,0.0,1.0,1.0,0.0,1.0,0.0,0.0,0.0
Project0876,1.0,1.0,1.0,1.0,2.208,1.0,1.0,1.0
Project0877,0.0,0.0,0.0,0.0,0.0,0.0,0.0,0.0
Project0878,0.0,1.0,1.0,1.0,1.0,1.0,0.0,0.0
Project0879,0.0,1.0,1.0,0.0,1.0,0.0,0.0,0.0
Project0880,0.0,1.0,1.0,0.0,1.0,0.0,0.0,0.0
Project0881,0.2,0.758,0.965,0.0,1.229,1.0,0.0,0.231
Project0882,0.486,0.332,0.45799999999999996,0.9520000000000001,0.8290000000000001,0.857,0.574,0.843
Project0883,0.9,0.529,0.813,0.833,0.501,0.5,0.5,0.5
Project0884,0.0,1.0,1.0,0.0,1.0,0.0,0.0,0.0
Project0885,1.0,1.0,1.0,1.0,1.0,0.0,0.0,0.0
Project0886,0.0,1.0,1.0,0.0,1.0,0.0,0.0,0.0
Project0887,0.0,1.0,1.0,0.0,1.0,0.0,0.0,0.0
Project0888,0.26,0.068,0.488,0.41700000000000004,0.38799999999999996,0.5,0.053,0.138
Project0889,0.0,1.0,1.0,0.0,1.0,0.0,0.0,1.0
Project0890,1.0,1.0,1.0,1.0,1.0,0.0,0.0,0.0
Project0891,0.0,1.0,1.0,0.0,1.0,0.0,0.0,0.0
Project0892,0.0,1.0,1.0,0.0,1.0,0.0,0.0,0.0
Project0893,1.0,1.0,1.0,1.0,1.0,1.0,0.0,0.0
Project0894,1.0,1.0,1.0,0.0,1.0,0.0,0.0,0.0
Project0895,0.0,1.0,1.0,0.0,1.0,0.0,0.0,0.0
Project0896,0.0,1.0,1.0,0.0,1.0,0.0,0.0,0.0
Project0897,0.0,2.322,1.0,1.0,1.0,0.0,0.0,0.0
Project0898,0.5,0.23600000000000002,0.561,0.5,0.35600000000000004,0.5,0.055999999999999994,0.059000000000000004
Project0899,0.0,1.0,1.0,0.0,1.0,0.0,0.0,0.0
Project0900,1.0,1.0,1.0,1.0,1.0,0.0,0.0,0.0
Project0901,0.5,0.5770000000000001,0.807,0.833,0.89,0.0,0.643,0.16699999999999998
Project0902,0.8290000000000001,0.833,0.664,0.5710000000000001,0.649,0.429,0.36200000000000004,0.732
Project0903,0.0,2.7110000000000003,1.0,0.0,1.0,0.0,0.0,0.0
Project0904,1.0,2.931,2.083,0.0,1.0,0.0,0.0,0.0
Project0905,1.0,1.0,1.0,0.0,1.0,0.0,0.0,0.0
Project0906,0.0,1.0,1.0,0.0,1.0,0.0,0.0,0.0
Project0907,1.0,1.0,1.0,1.0,1.0,0.0,0.0,0.0
Project0908,1.0,13.532,1.0,1.0,1.0,0.0,1.0,1.0
Project0909,0.9,0.948,0.74,0.667,0.988,1.0,0.821,0.833
Project0910,0.0,0.187,0.027999999999999997,0.0,0.062,1.0,0.0,0.111
Project0911,1.0,1.0,1.0,1.0,1.0,1.0,1.0,0.0
Project0912,3.4,1.0,2.826,3.0,3.638,4.0,1.0,1.0
Project0913,0.0,1.0,1.0,0.0,1.0,0.0,0.0,0.0
Project0914,0.0,1.0,1.0,0.0,1.0,0.0,0.0,0.0
Project0915,0.85,0.711,0.84,0.833,0.746,1.0,0.78,0.667
Project0916,1.0,1.0,1.0,1.0,1.0,1.0,1.0,1.0
Project0917,1.0,2.674,0.475,0.667,1.069,1.0,0.75,0.75
Project0918,0.0,1.0,1.0,0.0,1.0,0.0,0.0,0.0
Project0919,0.4,0.025,0.62,0.0,0.016,0.0,0.0,0.28600000000000003
Project0920,0.0,1.0,1.0,0.0,1.0,0.0,0.0,0.0
Project0921,0.8,0.078,0.457,0.0,0.018000000000000002,0.0,0.3,0.0
Project0922,0.0,2.0909999999999997,1.0,0.0,1.0,0.0,0.0,0.0
Project0923,2.4,1.0,1.0,2.333,1.0,1.0,1.0,1.0
Project0924,0.0,1.0,1.0,0.0,1.0,0.0,0.0,0.0
Project0925,0.1,0.721,0.563,0.667,0.858,1.0,0.5589999999999999,0.562
Project0926,0.89,0.065,0.9690000000000001,0.8170000000000001,0.884,0.95,0.5670000000000001,0.662
Project0927,1.0,1.0,1.0,0.0,1.0,0.0,0.0,0.0
Project0928,2.4,1.0,1.0,1.0,1.0,0.0,0.0,0.0
Project0929,0.0,1.0,1.0,0.0,1.0,0.0,0.0,0.0
Project0930,1.0,1.0,1.0,1.0,1.0,0.0,0.0,0.0
Project0931,0.0,1.0,1.0,0.0,1.0,0.0,0.0,0.0
Project0932,10.8,1.609,3.3710000000000004,3.0,4.525,0.0,0.25,0.25
Project0933,0.0,2.469,2.85,1.0,1.0,0.0,1.0,1.0
Project0934,1.0,1.375,0.095,1.0,1.068,1.0,0.353,0.6
Project0935,0.0,1.0,1.0,0.0,1.0,0.0,0.0,0.0
Project0936,0.0,1.0,1.0,0.0,1.0,0.0,0.0,0.0
Project0937,1.0,1.0,2.011,2.333,2.4730000000000003,3.0,1.0,2.167
Project0938,0.0,1.0,1.0,1.0,2.201,0.0,0.0,0.0
Project0939,1.0,1.0,1.0,0.0,1.0,1.0,0.0,0.0
Project0940,1.0,1.0,1.0,0.0,1.0,0.0,0.0,0.0
Project0941,1.0,1.0,1.0,1.0,1.0,1.0,1.0,1.0
Project0942,0.8,1.86,0.688,1.3330000000000002,0.78,1.0,0.026000000000000002,0.026000000000000002
Project0943,0.4,0.35700000000000004,0.322,0.4,0.943,0.4,0.024,0.1
Project0944,1.2,2.6689999999999996,0.047,2.333,2.095,3.0,0.045,0.5
Project0945,0.8,0.0,0.772,0.667,0.35600000000000004,1.0,0.75,0.75
Project0946,1.8,0.927,0.985,2.667,1.608,0.5,0.885,1.0
Project0947,0.0,1.0,1.0,0.0,1.0,0.0,0.0,0.0
Project0948,0.0,9.95,2.5540000000000003,1.0,1.0,0.0,0.0,0.0
Project0949,0.0,1.0,1.0,0.0,1.0,0.0,0.0,0.0
Project0950,0.0,1.0,1.0,0.0,1.0,0.0,0.0,0.0
Project0951,0.0,1.0,1.0,0.0,1.0,0.0,0.0,0.0
Project0952,1.0,1.0,1.0,0.0,1.0,0.0,0.0,0.0
Project0953,0.68,1.07,0.804,0.5329999999999999,0.75,0.8,0.4,0.5
Project0954,0.4,0.254,0.9840000000000001,1.3330000000000002,2.417,4.0,0.091,0.171
Project0955,0.0,1.0,1.0,1.0,1.0,0.0,0.0,0.0
Project0956,1.6,0.8340000000000001,0.968,0.0,1.6219999999999999,0.0,0.07400000000000001,0.07400000000000001
Project0957,1.0,0.9279999999999999,0.99,0.833,0.713,1.0,0.5,0.5
Project0958,3.0,4.341,3.363,5.667000000000001,4.404,7.0,2.591,2.167
Project0959,1.0,1.0,1.0,0.0,1.0,0.0,0.0,1.0
Project0960,1.0,1.0,1.0,1.0,1.0,1.0,0.0,0.0
Project0961,0.0,1.0,1.0,0.0,1.0,0.0,0.0,0.0
Project0962,0.9,0.207,0.626,0.16699999999999998,0.531,1.0,0.0,0.0
Project0963,0.233,0.563,0.737,0.833,0.6809999999999999,0.33299999999999996,0.222,0.25
Project0964,0.6,0.6809999999999999,0.349,0.33299999999999996,0.6970000000000001,0.0,0.0,0.0
Project0965,1.0,1.0,1.0,0.0,1.0,0.0,0.0,0.0
Project0966,0.0,1.0,1.0,0.0,1.0,0.0,0.0,0.0
Project0967,0.2,0.349,0.387,0.33299999999999996,0.396,0.33299999999999996,0.278,0.083
Project0968,1.0,0.11,0.833,0.33299999999999996,0.669,1.0,0.0,0.4
Project0969,1.4,1.347,1.274,0.444,0.955,1.3330000000000002,0.375,0.387
Project0970,0.5,0.247,0.335,0.222,0.114,0.16699999999999998,0.077,0.077
Project0971,0.4,2.4019999999999997,4.006,6.667000000000001,0.691,0.0,0.312,0.125
Project0972,0.8,0.53,0.973,0.33299999999999996,0.805,1.5,0.037000000000000005,0.409
Project0973,0.0,1.0,1.0,0.0,1.0,0.0,0.0,0.0
Project0974,0.6,0.594,0.297,0.33299999999999996,0.831,0.0,0.0,0.2
Project0975,1.0,2.281,1.0,1.0,1.0,1.0,1.0,1.0
Project0976,0.0,2.207,1.0,1.0,1.0,0.0,0.0,0.0
Project0977,0.6,1.4069999999999998,0.857,1.0,0.925,1.0,0.0,0.0
Project0978,2.4,2.56,2.405,1.0,1.0,0.0,0.0,0.0
Project0979,1.0,1.0,1.0,0.0,1.0,0.0,0.0,0.0
Project0980,1.0,0.18600000000000003,0.7559999999999999,0.667,1.0,1.0,0.75,0.875
Project0981,0.18,0.10300000000000001,0.395,0.36700000000000005,0.35100000000000003,0.1,0.2,0.125
Project0982,0.0,0.0,0.195,0.5,0.243,0.5,0.038,0.038
Project0983,1.0,1.0,1.0,0.0,1.0,0.0,0.0,0.0
Project0984,1.0,1.0,1.0,0.0,1.0,0.0,1.0,0.0
Project0985,0.0,1.0,1.0,1.0,1.0,0.0,0.0,0.0
Project0986,0.4,0.009000000000000001,0.6659999999999999,0.33299999999999996,0.75,1.0,0.0,0.0
Project0987,0.33299999999999996,0.965,0.5329999999999999,0.33299999999999996,0.332,0.33299999999999996,0.0,1.139
Project0988,1.0,0.8809999999999999,0.966,0.667,0.695,1.0,0.048,0.639
Project0989,0.0,0.0,0.0,0.0,0.0,0.0,0.0,0.0
Project0990,0.15,0.16899999999999998,0.32,0.667,0.397,0.75,0.5,0.389
Project0991,2.0,2.971,1.601,2.0,0.502,0.0,0.44799999999999995,0.0
Project0992,0.0,1.0,1.0,0.0,1.0,0.0,0.0,0.0
Project0993,0.8,0.79,0.86,0.515,0.713,1.0,0.455,0.33299999999999996
Project0994,0.9,0.875,0.919,0.833,0.804,1.0,0.75,0.75
Project0995,0.0,1.0,1.0,0.0,1.0,0.0,0.0,0.0
Project0996,0.0,1.0,1.0,0.0,1.0,0.0,0.0,0.0
Project0997,0.0,1.0,1.0,0.0,1.0,0.0,0.0,0.0
Project0998,0.02,1.0759999999999998,0.518,1.5,1.033,1.5,0.12300000000000001,0.12300000000000001
Project0999,1.0,1.0,1.0,0.0,1.0,0.0,0.0,0.0
Project1000,0.6,1.749,0.217,0.33299999999999996,0.27899999999999997,0.5,0.25,0.25
Project1001,0.2,0.12,0.01,1.3330000000000002,0.20199999999999999,2.0,0.0,0.0
Project1002,2.6,1.0,2.557,2.667,1.0,1.0,1.0,1.0
Project1003,0.028999999999999998,0.39799999999999996,0.27699999999999997,1.143,1.217,2.4290000000000003,0.711,0.41600000000000004
Project1004,0.0,1.0,1.0,0.0,1.0,0.0,0.0,0.0
Project1005,0.0,0.266,0.27,0.667,0.456,1.0,0.105,0.11800000000000001
Project1006,0.0,0.0,0.0,0.0,0.0,0.0,0.0,0.0
Project1007,0.92,1.137,0.953,0.9329999999999999,0.836,0.8,0.8,0.8
Project1008,1.0,0.644,1.109,1.0,1.09,1.0,0.44,0.826
Project1009,0.0,1.0,1.0,0.0,1.0,0.0,0.0,0.0
Project1010,2.2,1.0,1.0,1.0,1.0,1.0,1.0,1.0
Project1011,1.0,1.0,1.0,0.0,1.0,0.0,0.0,0.0
Project1012,1.0,1.0,1.0,0.0,1.0,0.0,0.0,0.0
Project1013,0.2,0.304,0.408,0.33299999999999996,0.611,0.5,0.091,0.055999999999999994
Project1014,2.6,1.0,1.0,0.0,1.0,0.0,1.0,1.0
Project1015,0.0,1.0,1.0,0.0,1.0,0.0,0.0,0.0
Project1016,1.0,1.0,1.0,0.0,1.0,0.0,1.0,1.0
Project1017,0.0,1.0,1.0,0.0,1.0,0.0,0.0,0.0
Project1018,1.0,1.0,2.083,0.0,1.0,0.0,0.0,0.0
Project1019,1.0,1.0,1.0,0.0,1.0,0.0,1.0,1.0
Project1020,0.527,0.402,0.858,0.545,0.679,0.818,0.39399999999999996,0.5710000000000001
Project1021,2.6,1.0,2.895,2.667,2.5269999999999997,1.0,1.0,1.0
Project1022,0.92,0.555,0.865,0.867,0.9209999999999999,0.8,0.662,0.833
Project1023,1.0,1.0,1.0,0.0,1.0,0.0,0.0,0.0
Project1024,0.0,0.0,0.0,0.0,0.0,0.0,0.0,0.0
Project1025,0.2,1.284,0.0,0.0,0.96,1.0,0.22899999999999998,0.111
Project1026,1.0,1.0,2.022,1.0,1.0,0.0,0.0,0.0
Project1027,0.0,1.0,1.0,0.0,1.0,0.0,0.0,0.0
Project1028,1.0,5.822,1.0,1.0,1.0,0.0,0.0,0.0
Project1029,1.0,1.0,2.366,3.0,2.323,3.0,1.0,1.0
Project1030,0.8,0.843,0.7759999999999999,0.667,0.809,0.5,0.382,0.643
Project1031,0.0,0.0,0.0,0.0,0.0,0.0,0.0,0.0
Project1032,1.0,1.0,2.274,2.667,2.8480000000000003,1.0,1.0,1.0
Project1033,0.0,1.0,1.0,0.0,1.0,0.0,0.0,0.0
Project1034,1.0,1.0,1.0,0.0,1.0,0.0,0.0,0.0
Project1035,1.0,1.0,1.0,1.0,1.0,0.0,0.0,0.0
Project1036,1.0,2.396,1.0,0.0,1.0,0.0,0.0,0.0
Project1037,0.5,0.272,0.623,0.0,0.551,1.0,0.5,0.722
Project1038,0.0,1.0,1.0,0.0,1.0,0.0,0.0,0.0
Project1039,0.0,1.0,1.0,1.0,1.0,0.0,0.0,0.0
Project1040,0.4,0.7879999999999999,0.23199999999999998,0.33299999999999996,0.387,0.0,0.0,0.05
Project1041,0.4,0.3,0.29,0.444,0.223,0.33299999999999996,0.055999999999999994,0.055999999999999994
Project1042,0.0,1.0,1.0,0.0,1.0,0.0,0.0,0.0
Project1043,0.0,1.0,1.0,1.0,1.0,0.0,0.0,0.0
Project1044,1.0,1.0,1.0,0.0,1.0,0.0,0.0,0.0
Project1045,0.6,0.047,0.287,0.389,0.5720000000000001,0.833,0.006,0.006
Project1046,2.4,1.02,6.3629999999999995,0.667,1.276,2.0,0.625,0.0
Project1047,0.0,1.0,1.0,0.0,1.0,0.0,0.0,0.0
Project1048,1.0,2.505,1.0,0.0,1.0,0.0,0.0,0.0
Project1049,1.0,1.0,1.0,0.0,1.0,0.0,1.0,1.0
Project1050,1.0,1.0,1.0,1.0,1.0,1.0,1.0,1.0
Project1051,0.4,0.98,0.146,0.667,0.026000000000000002,1.0,0.10300000000000001,0.087
Project1052,1.0,0.311,0.7809999999999999,0.667,0.574,0.5,0.042,0.107
Project1053,0.6,0.18600000000000003,0.428,0.33299999999999996,0.184,0.5,0.083,0.083
Project1054,0.0,1.0,1.0,0.0,1.0,0.0,0.0,0.0
Project1055,0.733,0.674,0.7759999999999999,1.0,0.972,1.0,0.45799999999999996,0.645
Project1056,0.0,1.0,1.0,0.0,1.0,0.0,0.0,0.0
Project1057,1.0,1.0,1.0,1.0,1.0,0.0,0.0,0.0
Project1058,0.0,1.0,1.0,0.0,1.0,0.0,0.0,0.0
Project1059,0.4,2.8139999999999996,0.589,1.0,0.853,1.0,0.067,0.067
Project1060,0.62,0.031,0.501,0.633,0.52,0.1,0.133,0.1
Project1061,0.8,0.667,0.653,0.5,0.541,0.5,0.08199999999999999,0.23600000000000002
Project1062,0.0,1.0,1.0,0.0,1.0,0.0,0.0,0.0
Project1063,0.33299999999999996,1.825,2.293,0.556,0.04,1.0,0.1,0.1
Project1064,0.1,3.109,0.021,0.5,1.044,1.0,0.141,0.278
Project1065,0.0,3.478,1.0,1.0,1.0,1.0,0.0,0.0
Project1066,1.0,3.877,1.0,1.0,1.0,1.0,0.0,0.0
Project1067,0.0,1.9469999999999998,0.858,0.667,0.748,1.0,0.067,0.4
Project1068,0.52,1.04,0.47700000000000004,0.6,0.74,0.6,0.0,0.44
Project1069,0.2,0.97,0.032,0.33299999999999996,0.067,1.0,0.0,0.0
Project1070,1.0,1.0,1.0,0.0,1.0,0.0,0.0,0.0
Project1071,0.0,0.0,0.0,0.0,0.0,0.0,0.0,0.0
Project1072,1.2,1.876,0.727,1.0,1.5959999999999999,2.0,0.271,1.5290000000000001
Project1073,0.0,3.08,0.614,0.33299999999999996,0.183,0.5,0.027999999999999997,0.0
Project1074,0.0,1.0,1.0,0.0,1.0,0.0,0.0,0.0
Project1075,0.0,1.0,1.0,0.0,1.0,0.0,0.0,0.0
Project1076,1.2,1.153,0.159,2.0,1.524,2.5,0.073,0.25
Project1077,0.3,0.136,0.555,0.33299999999999996,0.519,0.5,0.25,0.25
Project1078,1.0,0.106,0.805,0.33299999999999996,0.446,1.0,0.33299999999999996,0.33299999999999996
Project1079,0.4,0.23399999999999999,0.16,0.16699999999999998,0.003,0.0,0.0,0.25
Project1080,2.6,2.169,1.0,5.332999999999999,2.6430000000000002,1.0,0.0,0.0
Project1081,0.0,1.0,1.0,0.0,1.0,0.0,0.0,0.0
Project1082,0.0,1.0,1.0,0.0,1.0,0.0,0.0,0.0
Project1083,0.0,1.0,1.0,0.0,1.0,0.0,0.0,0.0
Project1084,0.0,1.0,1.0,0.0,1.0,0.0,0.0,0.0
Project1085,0.0,1.0,1.0,0.0,1.0,0.0,0.0,1.0
Project1086,0.2,1.025,0.017,1.5,0.805,3.0,0.16699999999999998,0.2
Project1087,0.6,1.1520000000000001,0.39299999999999996,0.33299999999999996,0.929,1.0,0.158,0.214
Project1088,1.0,2.6710000000000003,2.517,2.667,2.394,0.0,0.0,1.0
Project1089,1.0,1.0,1.0,0.0,1.0,0.0,0.0,0.0
Project1090,0.2,0.251,0.49200000000000005,0.16699999999999998,0.466,0.5,0.0,0.263
Project1091,0.0,0.0,0.0,0.0,0.0,0.0,0.0,0.0
Project1092,0.0,1.0,1.0,0.0,1.0,0.0,0.0,0.0
Project1093,0.0,1.0,1.0,1.0,1.0,0.0,0.0,0.0
Project1094,1.0,1.665,0.115,0.33299999999999996,0.071,0.0,0.302,0.0
Project1095,0.733,2.2,0.74,0.667,0.518,0.33299999999999996,0.16699999999999998,0.25
Project1096,0.48,0.158,0.381,0.0,0.201,0.4,0.15,0.086
Project1097,0.0,1.0,1.0,0.0,1.0,0.0,0.0,0.0
Project1098,1.0,1.0,1.0,1.0,1.0,1.0,0.0,0.0
Project1099,0.8,6.752999999999999,0.42700000000000005,1.0,0.909,0.0,0.0,0.0
Project1100,0.0,0.0,0.0,0.0,0.0,0.0,0.0,0.0
Project1101,0.0,1.0,1.0,0.0,1.0,0.0,0.0,0.0
Project1102,1.0,1.0,1.0,0.0,1.0,0.0,0.0,0.0
Project1103,0.6,0.966,0.2,0.667,0.5660000000000001,1.0,0.0,0.0
Project1104,1.0,1.0,1.0,1.0,1.0,0.0,0.0,0.0
Project1105,0.5,0.47100000000000003,0.113,0.5,0.154,0.0,0.0,0.426
Project1106,0.836,0.348,0.867,0.364,0.315,0.818,0.136,0.136
Project1107,1.0,1.0,1.0,0.0,1.0,0.0,0.0,0.0
Project1108,3.0,1.0,3.0469999999999997,1.0,3.5180000000000002,13.0,0.0,0.0
Project1109,0.6,0.9059999999999999,0.575,0.667,0.747,1.0,0.08900000000000001,0.08900000000000001
Project1110,0.8,0.623,0.789,0.33299999999999996,0.201,1.0,0.0,0.114
Project1111,1.0,1.0,1.0,1.0,1.0,1.0,1.0,1.0
Project1112,1.0,1.0,2.2680000000000002,3.667,3.469,5.0,1.0,1.0
Project1113,1.0,1.0,1.0,1.0,1.0,0.0,1.0,1.0
Project1114,0.4,0.151,0.21899999999999997,0.16699999999999998,0.10800000000000001,0.5,0.024,0.35700000000000004
Project1115,0.85,0.233,0.545,0.45799999999999996,0.034,0.375,0.017,0.188
Project1116,0.4,0.956,0.7040000000000001,2.333,1.6440000000000001,2.333,0.048,0.048
Project1117,0.0,2.7089999999999996,1.0,0.0,1.0,0.0,0.0,0.0
Project1118,0.7,0.7659999999999999,0.7929999999999999,0.833,0.7190000000000001,0.5,0.667,0.667
Project1119,0.45299999999999996,0.509,0.599,0.456,0.413,0.42100000000000004,0.381,0.25
Project1120,0.85,0.884,0.905,0.917,0.679,0.25,0.625,0.838
Project1121,1.0,1.0,1.0,0.0,1.0,0.0,0.0,0.0
Project1122,1.0,1.0,1.0,0.0,1.0,0.0,0.0,0.0
Project1123,0.1,0.441,0.73,0.5,0.5529999999999999,0.0,0.16699999999999998,0.0
Project1124,3.8,0.963,1.284,0.33299999999999996,0.39299999999999996,1.0,0.0,0.667
Project1125,2.6,0.10400000000000001,2.003,0.33299999999999996,0.8059999999999999,0.0,0.062,0.062
Project1126,0.667,2.633,0.674,0.611,0.521,0.33299999999999996,0.33299999999999996,0.33299999999999996
Project1127,13.8,7.301,0.598,12.333,1.868,2.0,0.41,1.429
Project1128,0.889,0.354,0.941,0.741,0.7140000000000001,0.667,0.878,0.8059999999999999
Project1129,1.0,1.0,1.0,1.0,1.0,1.0,1.0,1.0
Project1130,1.0,1.0,1.0,1.0,2.465,3.0,1.0,1.0
Project1131,1.0,1.0,1.0,0.0,1.0,0.0,0.0,0.0
Project1132,2.8,20.201,2.166,1.0,1.0,0.0,1.0,1.0
Project1133,1.0,1.0,1.0,1.0,1.0,0.0,0.0,0.0
Project1134,0.8,0.053,0.737,0.33299999999999996,0.696,0.0,0.308,0.214
Project1135,1.0,1.0,1.0,0.0,1.0,0.0,0.0,0.0
Project1136,0.0,1.0,1.0,0.0,1.0,0.0,0.0,0.0
Project1137,0.675,0.512,0.716,0.667,0.612,0.875,0.35200000000000004,0.5
Project1138,0.0,1.0,1.0,0.0,1.0,0.0,0.0,0.0
Project1139,0.0,1.0,1.0,0.0,1.0,0.0,0.0,0.0
Project1140,2.6,3.802,2.657,2.667,2.339,3.0,1.0,1.0
Project1141,0.4,0.563,0.473,0.0,0.091,0.0,0.16699999999999998,0.0
Project1142,1.0,0.934,0.8440000000000001,1.0,1.0759999999999998,1.0,0.171,0.171
Project1143,0.9,0.8240000000000001,0.8909999999999999,0.833,0.8690000000000001,1.0,0.5,0.7
Project1144,1.0,1.0,1.0,1.0,1.0,1.0,0.0,0.0
Project1145,1.0,1.0,1.0,0.0,1.0,0.0,0.0,0.0
Project1146,0.4,2.266,0.185,0.33299999999999996,0.292,0.0,0.0,0.0
Project1147,0.15,1.7469999999999999,0.09300000000000001,0.41700000000000004,0.289,0.75,0.005,0.005
Project1148,1.0,1.0,2.443,1.0,3.804,8.0,0.0,0.0
Project1149,0.8,1.507,0.9079999999999999,1.0,0.797,1.0,0.4,0.4
Project1150,0.182,0.031,0.442,0.636,0.721,0.818,0.013000000000000001,0.013000000000000001
Project1151,0.92,2.37,0.9470000000000001,0.9329999999999999,1.012,0.8,0.909,0.857
Project1152,0.8,0.021,0.8690000000000001,0.867,0.5660000000000001,0.4,0.5,0.5
Project1153,0.85,0.93,0.945,0.75,0.8340000000000001,1.0,0.773,0.75
Project1154,1.0,1.0,1.0,1.0,1.0,0.0,0.0,0.0
Project1155,0.0,1.0,1.0,1.0,1.0,0.0,1.0,1.0
Project1156,0.4,5.016,0.7559999999999999,0.444,0.168,0.667,0.067,0.067
Project1157,0.2,1.565,0.031,0.0,0.026000000000000002,0.0,0.091,0.0
Project1158,0.667,0.49700000000000005,0.611,0.222,0.042,0.0,0.048,0.048
Project1159,0.2,0.8170000000000001,0.147,0.33299999999999996,0.23199999999999998,1.0,0.067,0.059000000000000004
Project1160,0.9,0.466,0.867,0.75,0.618,0.5,0.797,0.5
Project1161,1.0,2.2840000000000003,1.0,0.0,1.0,1.0,0.0,0.0
Project1162,0.0,2.419,1.0,0.0,1.0,0.0,0.0,0.0
Project1163,0.28,0.27699999999999997,0.847,0.8,0.127,0.8,0.0,0.0
Project1164,0.4,0.527,0.47600000000000003,0.222,0.555,0.33299999999999996,0.0,0.0
Project1165,0.467,0.20199999999999999,0.578,0.222,0.344,0.444,0.048,0.048
Project1166,0.436,0.36700000000000005,0.698,0.0,0.106,0.091,0.01,0.01
Project1167,0.2,0.264,0.07400000000000001,0.16699999999999998,0.519,0.0,0.0,0.217
Project1168,0.1,7.081,0.797,0.33299999999999996,1.199,0.5,0.036000000000000004,0.038
Project1169,0.0,1.0,1.0,0.0,1.0,0.0,0.0,0.0
Project1170,0.4,0.253,0.48200000000000004,0.5,0.9570000000000001,0.5,0.0,0.0
Project1171,0.0,1.0,1.0,0.0,1.0,0.0,0.0,0.0
Project1172,0.6,1.3259999999999998,0.12,1.0,0.9259999999999999,1.0,0.083,0.083
Project1173,0.7,1.187,0.88,0.0,0.129,0.5,0.0,0.375
Project1174,1.0,1.0,2.187,0.0,2.572,3.0,0.0,0.0
Project1175,1.4,1.861,1.604,1.0,1.703,2.0,0.083,0.083
Project1176,2.6,2.861,2.497,2.333,2.395,5.0,1.0,1.0
Project1177,0.2,3.1189999999999998,0.787,0.667,0.244,0.0,0.0,0.0
Project1178,0.4,13.0,0.7509999999999999,0.0,0.044000000000000004,1.0,0.5,0.5
Project1179,0.4,1.401,0.11699999999999999,0.33299999999999996,0.052000000000000005,0.0,0.16699999999999998,0.235
Project1180,1.0,1.0,1.0,1.0,1.0,1.0,1.0,1.0
Project1181,1.0,1.0,1.0,1.0,1.0,1.0,1.0,1.0
Project1182,1.0,0.226,0.711,0.33299999999999996,0.17600000000000002,1.0,0.062,0.3
Project1183,0.8,4.465,0.41100000000000003,1.0,0.9420000000000001,1.0,0.071,0.33299999999999996
Project1184,0.2,0.237,0.162,0.33299999999999996,0.419,1.0,0.0,0.0
Project1185,0.0,0.0,0.0,0.0,0.0,0.0,0.0,0.0
Project1186,0.0,1.1909999999999998,0.563,1.0,1.0170000000000001,1.0,0.044000000000000004,0.044000000000000004
Project1187,0.52,0.242,0.591,0.267,0.45799999999999996,0.2,0.257,0.257
Project1188,0.6,0.214,0.133,0.667,0.539,0.0,0.0,0.0
Project1189,0.8,0.387,0.909,0.9329999999999999,0.91,0.9,0.6,0.45
Project1190,0.6,1.666,0.036000000000000004,0.667,0.168,0.0,0.0,0.0
Project1191,0.636,0.175,0.745,0.39399999999999996,0.41600000000000004,0.273,0.20600000000000002,0.318
Project1192,0.244,0.8640000000000001,0.467,0.889,0.875,0.889,0.635,0.7240000000000001
Project1193,0.6,0.53,0.581,1.0,1.04,1.0,0.636,0.636
Project1194,0.10800000000000001,0.005,0.168,0.205,0.242,0.231,0.002,0.16899999999999998
Project1195,1.7,1.75,1.4140000000000001,2.167,2.219,3.0,0.9890000000000001,1.6669999999999998
Project1196,1.0,1.0,1.0,0.0,1.0,1.0,0.0,0.0
Project1197,0.0,1.0,1.0,1.0,1.0,0.0,0.0,0.0
Project1198,0.0,1.0,1.0,0.0,1.0,0.0,0.0,0.0
Project1199,2.4,1.0,1.0,0.0,1.0,0.0,0.0,0.0
Project1200,0.0,1.0,1.0,0.0,1.0,0.0,0.0,0.0
Project1201,1.0,0.736,0.731,1.0,0.588,0.0,0.2,0.0
Project1202,0.6,0.435,0.5710000000000001,0.41700000000000004,0.6609999999999999,0.75,0.039,0.5
Project1203,0.8,1.163,0.377,0.33299999999999996,0.903,1.0,0.14300000000000002,0.257
Project1204,0.1,0.617,0.0,0.33299999999999996,0.37,0.0,0.077,0.095
Project1205,0.0,1.0,1.0,0.0,1.0,0.0,0.0,0.0
Project1206,1.0,1.0,1.0,0.0,1.0,3.0,0.0,0.0
Project1207,0.9,0.763,0.996,0.667,0.89,1.0,0.75,0.75
Project1208,1.0,1.0,1.0,4.0,3.128,4.0,0.0,0.0
Project1209,0.0,1.0,1.0,0.0,1.0,0.0,0.0,0.0
Project1210,1.433,1.084,0.745,2.0,0.693,0.0,0.017,0.017
Project1211,1.0,1.0,1.0,0.0,1.0,0.0,0.0,0.0
Project1212,0.8,0.594,0.853,0.667,0.934,1.0,0.5,0.688
Project1213,0.0,1.0,1.0,1.0,1.0,0.0,1.0,1.0
Project1214,0.0,1.0,1.0,0.0,1.0,0.0,0.0,0.0
Project1215,0.0,1.0,1.0,0.0,1.0,0.0,0.0,0.0
Project1216,1.0,2.2030000000000003,2.02,2.333,1.0,0.0,0.0,1.0
Project1217,0.091,0.565,0.298,0.242,0.196,0.273,0.0,0.071
Project1218,0.067,0.318,0.109,0.222,0.551,0.667,0.08,0.08
Project1219,1.0,1.0,1.0,0.0,1.0,0.0,0.0,0.0
Project1220,3.6,2.6519999999999997,3.177,0.0,1.0,0.0,0.0,0.0
Project1221,0.6,0.9359999999999999,0.44799999999999995,0.667,0.154,2.0,0.028999999999999998,0.067
Project1222,0.0,1.0,1.0,1.0,1.0,0.0,0.0,0.0
Project1223,9.4,22.857,3.265,10.667,19.155,28.0,0.5710000000000001,0.636
Project1224,0.0,1.0,1.0,0.0,1.0,0.0,0.0,0.0
Project1225,1.0,1.0,1.0,1.0,1.0,0.0,0.0,0.0
Project1226,1.0,1.0,1.0,0.0,1.0,0.0,0.0,0.0
Project1227,0.0,1.0,1.0,0.0,1.0,0.0,0.0,1.0
Project1228,0.0,1.0,1.0,0.0,1.0,0.0,0.0,0.0
Project1229,0.0,0.0,0.0,0.0,0.0,0.0,0.0,0.0
Project1230,1.0,1.0,1.0,0.0,1.0,0.0,0.0,0.0
Project1231,0.0,0.0,0.0,0.0,0.0,0.0,0.0,0.0
Project1232,2.2,3.573,1.222,0.667,1.444,2.0,1.76,1.76
Project1233,0.0,1.0,1.0,0.0,1.0,0.0,0.0,0.0
Project1234,1.0,1.0,1.0,3.0,3.27,5.0,1.0,2.833
Project1235,0.0,1.0,1.0,0.0,1.0,0.0,0.0,0.0
Project1236,1.0,1.0,1.0,1.0,1.0,1.0,1.0,1.0
Project1237,1.95,0.221,0.79,1.167,1.031,1.0,0.033,0.45799999999999996
Project1238,1.0,1.0,1.0,1.0,1.0,1.0,1.0,0.0
Project1239,0.0,1.0,1.0,0.0,1.0,0.0,0.0,0.0
Project1240,0.0,0.0,0.0,0.0,0.0,0.0,0.0,0.0
Project1241,0.0,1.0,1.0,0.0,1.0,0.0,0.0,0.0
Project1242,0.0,0.0,0.0,0.0,0.0,0.0,0.0,0.0
Project1243,1.0,1.0,1.0,1.0,1.0,1.0,1.0,1.0
Project1244,0.867,0.21600000000000003,0.85,0.556,0.846,0.667,0.4,0.4
Project1245,0.0,1.0,1.0,0.0,1.0,0.0,0.0,0.0
Project1246,0.114,1.162,0.281,0.095,0.32299999999999995,0.28600000000000003,0.0,0.06
Project1247,1.0,1.0,1.0,0.0,1.0,0.0,0.0,0.0
Project1248,0.0,1.0,1.0,0.0,1.0,0.0,0.0,0.0
Project1249,0.0,1.0,1.0,0.0,1.0,0.0,0.0,0.0
Project1250,0.0,1.0,1.0,0.0,1.0,0.0,0.0,0.0
Project1251,0.0,0.0,0.0,0.0,0.0,0.0,0.0,0.0
Project1252,0.6,0.693,0.203,0.667,1.102,1.0,0.0,0.0
Project1253,1.0,1.0,1.0,2.333,1.0,0.0,0.0,1.0
Project1254,1.0,1.0,2.011,1.0,1.0,0.0,0.0,1.0
Project1255,0.0,1.0,1.0,0.0,1.0,0.0,0.0,0.0
Project1256,1.6,1.163,4.063,1.3330000000000002,1.219,1.0,1.0,0.5
Project1257,1.0,1.0,1.0,1.0,1.0,0.0,1.0,0.0
Project1258,0.2,2.415,0.233,4.0,2.702,5.0,0.132,2.154
Project1259,0.4,13.209000000000001,0.779,2.0,1.999,2.0,0.2,0.2
Project1260,0.0,1.0,1.0,0.0,1.0,0.0,0.0,0.0
Project1261,0.4,0.631,0.743,0.0,1.556,2.0,0.133,0.308
Project1262,1.0,1.0,1.0,0.0,1.0,0.0,0.0,0.0
Project1263,0.0,1.0,1.0,1.0,1.0,0.0,0.0,0.0
Project1264,0.0,1.0,1.0,1.0,1.0,1.0,0.0,0.0
Project1265,1.0,1.0,3.6639999999999997,0.0,1.0,0.0,0.0,0.0
Project1266,0.8,0.415,0.654,0.33299999999999996,0.16899999999999998,0.0,0.0,0.7140000000000001
Project1267,0.45,0.996,0.615,0.33299999999999996,0.419,0.5,0.20800000000000002,0.20800000000000002
Project1268,1.0,1.0,1.0,1.0,1.0,0.0,0.0,1.0
Project1269,0.0,1.0,1.0,0.0,1.0,0.0,0.0,0.0
Project1270,1.0,1.0,1.0,0.0,1.0,0.0,0.0,0.0
Project1271,0.6,0.139,0.741,0.33299999999999996,0.679,1.0,0.2,0.1
Project1272,1.0,1.0,1.0,1.0,1.0,0.0,0.0,0.0
Project1273,0.0,1.0,1.0,0.0,1.0,0.0,0.0,1.0
Project1274,0.0,0.336,0.424,0.667,0.7240000000000001,1.0,0.087,0.087
Project1275,1.0,1.0,1.0,1.0,1.0,0.0,0.0,1.0
Project1276,1.0,2.176,1.0,1.0,1.0,1.0,1.0,1.0
Project1277,0.0,1.0,1.0,1.0,1.0,0.0,0.0,0.0
Project1278,1.0,1.0,1.0,1.0,1.0,1.0,1.0,1.0
Project1279,1.0,1.0,1.0,1.0,1.0,0.0,0.0,0.0
Project1280,1.0,3.81,1.0,2.667,2.6310000000000002,1.0,1.0,1.0
Project1281,0.9,1.0170000000000001,0.5379999999999999,3.167,4.904,7.0,0.151,0.16699999999999998
Project1282,0.667,0.922,1.005,1.0,0.9640000000000001,1.0,0.561,0.833
Project1283,0.5,1.274,0.524,0.5,0.155,1.0,0.06,0.235
Project1284,0.0,0.0,0.0,0.0,0.0,0.0,0.0,0.0
Project1285,0.467,0.168,0.262,0.111,0.252,1.0,0.042,0.16699999999999998
Project1286,0.4,0.09,0.491,0.667,0.222,0.5,0.01,0.2
Project1287,0.9,0.8959999999999999,0.609,0.33299999999999996,0.478,0.5,0.5,0.591
Project1288,1.0,1.0,1.0,1.0,1.0,1.0,1.0,1.0
Project1289,0.0,0.512,0.2,0.0,0.359,0.0,0.0,0.16699999999999998
Project1290,1.0,3.798,1.0,1.0,1.0,0.0,1.0,1.0
Project1291,0.0,1.0,1.0,0.0,1.0,0.0,0.0,0.0
Project1292,0.9,0.816,1.012,0.833,0.758,0.5,0.583,0.583
Project1293,0.0,1.0,1.0,0.0,1.0,0.0,0.0,0.0
Project1294,0.0,0.539,0.465,0.667,1.042,1.0,0.125,0.125
Project1295,0.0,1.0,1.0,0.0,1.0,0.0,0.0,0.0
Project1296,1.0,1.0,1.0,1.0,1.0,0.0,0.0,0.0
Project1297,1.0,1.0,1.0,1.0,2.45,1.0,1.0,1.0
Project1298,1.0,2.002,1.0,2.333,1.0,0.0,1.0,1.0
Project1299,0.0,1.0,1.0,0.0,1.0,0.0,0.0,0.0
Project1300,0.0,1.0,1.0,1.0,1.0,0.0,0.0,0.0
Project1301,0.6,1.075,0.087,0.33299999999999996,0.45899999999999996,0.0,0.038,0.231
Project1302,0.0,0.0,0.0,0.0,0.0,0.0,0.0,0.0
Project1303,1.0,0.1,0.452,0.33299999999999996,0.406,0.0,0.0,0.0
Project1304,0.0,1.0,1.0,0.0,1.0,0.0,0.0,0.0
Project1305,0.667,0.24100000000000002,0.78,0.556,0.513,0.33299999999999996,0.556,0.33299999999999996
Project1306,0.0,0.0,0.0,0.0,0.0,0.0,0.0,0.0
Project1307,0.4,0.218,0.636,1.5,0.10400000000000001,1.5,0.0,0.036000000000000004
Project1308,0.0,1.005,0.21600000000000003,0.0,0.001,0.0,0.0,0.0
Project1309,1.0,1.0,2.7060000000000004,0.0,1.0,0.0,0.0,0.0
Project1310,1.0,1.0,1.0,1.0,1.0,1.0,1.0,1.0
Project1311,0.8290000000000001,0.11699999999999999,0.9009999999999999,0.857,0.46399999999999997,0.28600000000000003,0.619,0.429
Project1312,0.0,1.0,1.0,0.0,1.0,0.0,0.0,0.0
Project1313,0.0,0.963,0.053,0.0,0.02,0.0,0.0,0.16699999999999998
Project1314,0.467,0.11199999999999999,0.722,0.611,0.10800000000000001,0.833,0.25,0.25
Project1315,0.2,0.259,0.261,0.0,0.048,0.0,0.0,0.045
Project1316,0.0,2.386,0.36700000000000005,0.0,0.11800000000000001,0.0,0.053,0.15
Project1317,0.0,1.0,1.0,0.0,1.0,0.0,0.0,0.0
Project1318,1.0,1.0,1.0,1.0,1.0,3.0,1.0,1.0
Project1319,0.0,1.0,1.0,0.0,1.0,0.0,0.0,0.0
Project1320,1.0,1.046,0.447,1.0,1.0,1.0,0.452,1.0
Project1321,0.0,1.0,1.0,0.0,1.0,0.0,0.0,0.0
Project1322,0.4,0.9470000000000001,0.114,0.0,0.838,0.0,0.0,0.182
Project1323,0.067,1.212,1.041,0.889,0.449,1.6669999999999998,0.33299999999999996,0.278
Project1324,0.0,1.0,1.0,0.0,1.0,0.0,0.0,0.0
Project1325,1.0,1.0,1.0,1.0,1.0,1.0,1.0,0.0
Project1326,1.0,0.473,0.877,0.833,0.9590000000000001,1.0,0.7140000000000001,0.7140000000000001
Project1327,3.1,0.9129999999999999,1.001,0.833,0.846,0.0,0.9420000000000001,0.5
Project1328,0.64,1.212,1.699,0.2,0.008,0.2,0.109,0.109
Project1329,0.133,1.1540000000000001,0.273,0.0,0.40299999999999997,0.33299999999999996,0.12,0.467
Project1330,2.4,2.21,2.0709999999999997,1.0,1.0,0.0,0.0,1.0
Project1331,0.4,0.48100000000000004,0.7140000000000001,1.3330000000000002,0.289,1.0,0.6,0.0
Project1332,0.0,1.0,1.0,0.0,1.0,0.0,0.0,0.0
Project1333,1.0,4.508,1.0,1.0,1.0,0.0,0.0,1.0
Project1334,0.2,1.224,0.136,0.0,0.9570000000000001,1.5,0.0,0.0
Project1335,0.33299999999999996,0.064,0.259,0.222,0.46299999999999997,0.667,0.33299999999999996,0.111
Project1336,0.4,0.47600000000000003,0.28300000000000003,0.667,0.11,2.0,0.556,0.613
Project1337,1.0,1.0,1.0,1.0,2.114,1.0,0.0,0.0
Project1338,0.4,1.954,0.768,0.33299999999999996,0.366,1.0,0.0,0.0
Project1339,0.0,1.0,1.0,0.0,1.0,0.0,0.0,0.0
Project1340,1.0,1.0,1.0,0.0,1.0,0.0,0.0,0.0
Project1341,1.0,1.0,2.03,1.0,1.0,1.0,1.0,1.0
Project1342,1.0,1.0,1.0,0.0,1.0,0.0,0.0,1.0
Project1343,0.7959999999999999,0.7959999999999999,0.992,0.0,0.0,0.0,0.0,0.0
Project1344,1.0,1.0,1.0,1.0,1.0,1.0,1.0,1.0
Project1345,0.4,1.692,0.21899999999999997,0.667,0.03,1.0,0.079,0.41200000000000003
Project1346,0.0,1.0,1.0,0.0,1.0,0.0,0.0,0.0
Project1347,0.0,1.0,1.0,0.0,1.0,0.0,0.0,0.0
Project1348,0.0,1.0,1.0,1.0,1.0,1.0,0.0,0.0
Project1349,0.667,0.43700000000000006,0.706,0.667,0.5660000000000001,1.0,0.556,0.556
Project1350,0.1,1.126,0.312,0.0,0.023,0.0,0.017,0.027999999999999997
Project1351,1.0,2.012,2.6189999999999998,2.333,1.0,0.0,0.0,0.0
Project1352,0.9,0.8320000000000001,0.647,0.33299999999999996,0.743,0.0,0.5,0.5
Project1353,0.0,1.0,1.0,0.0,1.0,0.0,0.0,0.0
Project1354,0.33299999999999996,0.652,0.004,0.222,0.157,0.16699999999999998,0.006999999999999999,0.14400000000000002
Project1355,1.0,1.0,1.0,0.0,1.0,0.0,0.0,0.0
Project1356,0.0,1.0,1.0,0.0,1.0,0.0,0.0,0.0
Project1357,0.0,1.0,1.0,0.0,1.0,0.0,0.0,0.0
Project1358,0.2,3.7039999999999997,0.36,1.3330000000000002,0.6459999999999999,1.0,0.0,0.0
Project1359,0.0,1.0,1.0,0.0,1.0,0.0,0.0,0.0
Project1360,1.0,2.198,1.0,3.333,3.542,5.0,1.0,3.12
Project1361,1.0,1.0,1.0,2.333,1.0,0.0,0.0,0.0
Project1362,0.0,1.0,1.0,0.0,1.0,0.0,0.0,0.0
Project1363,0.65,0.621,0.596,0.917,0.429,1.0,0.165,0.139
Project1364,0.0,1.0,1.0,0.0,1.0,0.0,0.0,0.0
Project1365,1.0,1.0,2.239,1.0,1.0,0.0,1.0,0.0
Project1366,4.2,9.535,4.92,9.667,5.895,2.0,0.33299999999999996,2.75
Project1367,0.2,0.03,0.065,0.33299999999999996,0.8029999999999999,1.0,0.091,0.25
Project1368,0.0,1.0,1.0,1.0,1.0,1.0,0.0,1.0
Project1369,1.0,1.0,1.0,1.0,1.0,0.0,0.0,0.0
Project1370,2.6,7.337000000000001,2.438,5.667000000000001,3.221,0.0,1.0,1.0
Project1371,3.8,5.603,3.761,1.0,1.0,0.0,0.0,0.0
Project1372,1.0,1.0,1.0,1.0,2.7569999999999997,3.0,1.0,1.0
Project1373,0.55,1.56,0.6579999999999999,0.583,0.385,0.5,0.467,0.5
Project1374,0.2,1.167,0.48,0.5,0.077,0.0,0.33299999999999996,0.33299999999999996
Project1375,1.0,1.0,1.0,0.0,1.0,0.0,0.0,0.0
Project1376,0.0,1.0,1.0,0.0,1.0,0.0,0.0,0.0
Project1377,0.9,0.298,0.698,0.667,0.45899999999999996,0.5,0.0,0.25
Project1378,4.0,1.179,5.531000000000001,0.0,0.111,1.0,0.125,0.14300000000000002
Project1379,0.0,1.0,1.0,0.0,2.242,0.0,0.0,0.0
Project1380,0.0,2.926,1.0,0.0,1.0,0.0,0.0,0.0
Project1381,1.0,1.0,1.0,0.0,1.0,0.0,0.0,0.0
Project1382,0.3,0.275,0.611,1.167,0.43,0.0,0.389,0.389
Project1383,1.0,1.0,1.0,0.0,1.0,1.0,1.0,1.0
Project1384,0.5329999999999999,0.59,0.6509999999999999,0.778,0.7859999999999999,0.667,0.42100000000000004,0.733
Project1385,0.04,0.037000000000000005,0.318,0.6,0.252,0.2,0.10800000000000001,0.10800000000000001
Project1386,0.6,0.07400000000000001,0.597,0.667,1.0,1.0,0.667,0.667
Project1387,0.7709999999999999,0.28,0.77,0.5710000000000001,0.5720000000000001,0.5710000000000001,0.5710000000000001,0.5710000000000001
Project1388,0.9,1.442,0.9420000000000001,1.0,0.7929999999999999,0.5,0.833,0.833
Project1389,0.0,1.0,1.0,1.0,1.0,0.0,0.0,0.0
Project1390,0.76,0.424,0.736,0.5329999999999999,0.569,0.4,0.4,0.4
Project1391,0.6,0.07,0.462,0.33299999999999996,0.499,1.0,0.643,0.643
Project1392,4.8,1.0,3.097,2.667,4.006,4.0,1.0,1.0
Project1393,0.3,0.321,0.299,0.33299999999999996,0.33299999999999996,0.25,0.146,0.146
Project1394,1.0,1.0,1.0,0.0,1.0,0.0,0.0,0.0
Project1395,0.05,0.08,0.6659999999999999,0.125,0.344,1.5,0.32299999999999995,0.446
Project1396,1.0,1.0,1.0,1.0,1.0,1.0,0.0,0.0
Project1397,0.429,0.436,0.542,0.33299999999999996,0.171,0.429,0.107,0.25
Project1398,0.867,0.31,0.8590000000000001,0.33299999999999996,0.9420000000000001,1.0,0.019,0.19399999999999998
Project1399,0.0,0.313,0.7,0.33299999999999996,0.12,2.0,0.0,0.0
Project1400,1.0,1.0,1.0,1.0,1.0,3.0,0.0,0.0
Project1401,0.8,0.903,0.857,0.667,0.504,1.0,0.33299999999999996,0.33299999999999996
Project1402,0.0,0.0,0.0,0.0,0.0,0.0,0.0,0.0
Project1403,1.0,4.154,1.0,0.0,1.0,0.0,0.0,0.0
Project1404,1.0,1.0,1.0,1.0,1.0,1.0,1.0,1.0
Project1405,0.067,0.35200000000000004,0.716,0.14400000000000002,0.09300000000000001,0.1,0.0,0.077
Project1406,1.2670000000000001,0.013999999999999999,0.902,2.444,2.565,7.667000000000001,0.062,0.833
Project1407,3.2,2.7969999999999997,2.239,1.0,3.138,3.0,1.0,1.0
Project1408,0.6,0.305,0.275,1.6669999999999998,0.309,1.0,0.083,0.316
Project1409,0.82,0.451,0.9079999999999999,0.6,0.9470000000000001,1.0,0.975,0.9670000000000001
Project1410,0.33299999999999996,0.043,0.005,0.111,0.303,1.3330000000000002,0.188,0.188
Project1411,1.0,1.0,1.0,0.0,1.0,0.0,0.0,0.0
Project1412,0.66,0.16899999999999998,0.614,0.067,0.01,0.1,0.021,0.05
Project1413,1.0,1.0,1.0,1.0,1.0,0.0,0.0,0.0
Project1414,0.0,1.0,1.0,1.0,1.0,0.0,0.0,1.0
Project1415,1.0,1.0,1.0,1.0,1.0,1.0,1.0,1.0
Project1416,1.0,1.0,1.0,1.0,1.0,0.0,0.0,0.0
Project1417,0.0,1.0,1.0,0.0,1.0,0.0,0.0,0.0
Project1418,0.9,0.42,0.745,0.667,0.5920000000000001,0.5,0.33299999999999996,0.33299999999999996
Project1419,0.8,1.875,0.465,0.5,0.805,1.0,0.036000000000000004,0.6
Project1420,1.0,1.0,1.0,0.0,1.0,0.0,0.0,0.0
Project1421,0.72,1.56,0.945,0.6,0.434,0.4,0.743,0.4
Project1422,1.0,1.0,1.0,0.0,1.0,0.0,0.0,0.0
Project1423,0.0,1.0,1.0,0.0,1.0,0.0,0.0,0.0
Project1424,2.4,2.487,2.021,3.0,2.4090000000000003,1.0,1.0,1.0
Project1425,4.6,10.617,3.5839999999999996,10.667,6.3660000000000005,3.0,3.0,4.7
Project1426,0.45,0.223,0.675,0.083,0.17,0.0,0.125,0.179
Project1427,0.2,1.535,0.26899999999999996,0.33299999999999996,0.032,0.0,0.0,0.0
Project1428,1.0,1.0,2.533,1.0,1.0,1.0,0.0,0.0
Project1429,0.0,1.618,0.145,0.667,0.628,1.0,0.05,0.28600000000000003
Project1430,0.0,1.0,1.0,2.667,1.0,1.0,0.0,0.0
Project1431,1.0,1.0,1.0,0.0,1.0,0.0,0.0,0.0
Project1432,1.0,1.0,1.0,0.0,1.0,0.0,0.0,0.0
Project1433,2.4,1.0,1.0,2.667,2.997,3.0,1.0,2.045
Project1434,1.0,1.0,1.0,0.0,1.0,0.0,0.0,0.0
Project1435,0.0,1.0,1.0,0.0,1.0,0.0,0.0,0.0
Project1436,2.2,1.0,1.0,0.0,1.0,0.0,0.0,0.0
Project1437,0.0,1.0,1.0,0.0,1.0,0.0,0.0,0.0
Project1438,1.0,2.721,1.0,0.0,1.0,0.0,0.0,0.0
Project1439,7.4,2.57,9.486,36.333,2.918,3.0,4.0,4.0
Project1440,0.0,3.415,1.0,3.333,1.0,0.0,0.0,1.0
Project1441,0.0,1.0,1.0,1.0,1.0,0.0,0.0,0.0
Project1442,0.0,1.0,1.0,0.0,1.0,0.0,0.0,0.0
Project1443,3.8,1.0,2.207,1.0,2.488,1.0,1.0,1.0
Project1444,0.7,0.55,0.91,0.5,0.725,1.0,0.474,0.33299999999999996
Project1445,0.4,0.581,0.203,0.33299999999999996,0.20199999999999999,1.0,0.0,0.077
Project1446,0.0,1.0,1.0,0.0,1.0,0.0,0.0,0.0
Project1447,0.0,0.716,0.4,0.0,0.231,1.0,0.0,0.2
Project1448,1.0,2.79,1.0,0.0,1.0,0.0,0.0,0.0
Project1449,1.3,0.474,0.023,0.667,0.214,1.0,0.028999999999999998,0.077
Project1450,0.025,0.149,0.335,0.25,0.618,0.875,0.08900000000000001,0.146
Project1451,1.0,1.0,1.0,0.0,1.0,0.0,0.0,0.0
Project1452,1.0,2.329,1.0,1.0,1.0,3.0,0.0,1.0
Project1453,1.0,1.0,1.0,1.0,1.0,3.0,0.0,1.0
Project1454,0.0,1.0,1.0,0.0,1.0,0.0,0.0,0.0
Project1455,1.0,1.0,1.0,1.0,1.0,1.0,1.0,1.0
Project1456,0.733,0.856,0.743,0.667,0.667,0.667,0.444,0.556
Project1457,1.0,0.722,0.778,0.33299999999999996,0.662,1.0,0.16699999999999998,0.16699999999999998
Project1458,0.833,0.127,0.7440000000000001,0.5,0.9159999999999999,1.0,0.33299999999999996,0.787
Project1459,0.0,1.0,1.0,1.0,1.0,0.0,0.0,0.0
Project1460,1.0,2.2840000000000003,1.0,1.0,1.0,0.0,0.0,0.0
Project1461,1.0,0.536,0.897,1.0,0.001,0.0,0.0,0.75
Project1462,0.33299999999999996,0.036000000000000004,0.29,0.556,0.746,1.0,0.055999999999999994,0.083
Project1463,0.9,0.363,1.192,2.5,0.747,1.5,0.9590000000000001,1.4169999999999998
Project1464,0.2,0.431,0.737,0.33299999999999996,0.424,1.0,0.25,0.25
Project1465,1.0,1.0,1.0,3.0,2.104,3.0,1.0,0.0
Project1466,0.0,1.0,1.0,0.0,1.0,0.0,0.0,0.0
Project1467,0.45,0.306,0.599,0.667,0.574,0.25,0.312,0.025
Project1468,1.0,0.304,0.782,0.0,0.009000000000000001,0.0,0.039,0.0
Project1469,0.0,1.0,1.0,1.0,1.0,1.0,0.0,0.0
Project1470,0.0,1.0,1.0,2.333,1.0,0.0,0.0,0.0
Project1471,0.0,0.0,0.0,0.0,0.0,0.0,0.0,0.0
Project1472,1.0,1.0,1.0,0.0,1.0,0.0,0.0,0.0
Project1473,0.733,0.585,0.742,0.667,0.6459999999999999,0.667,0.256,0.792
Project1474,0.0,1.0,1.0,0.0,1.0,0.0,0.0,0.0
Project1475,0.0,1.0,1.0,0.0,1.0,0.0,0.0,0.0
Project1476,1.0,1.0,1.0,0.0,1.0,0.0,0.0,0.0
Project1477,0.33299999999999996,0.552,0.552,0.556,0.5760000000000001,0.5,0.33299999999999996,0.33299999999999996
Project1478,0.0,1.0,1.0,1.0,1.0,0.0,0.0,0.0
Project1479,0.4,0.526,0.114,0.667,0.8109999999999999,0.0,0.009000000000000001,0.115
Project1480,0.0,1.0,1.0,0.0,1.0,0.0,0.0,0.0
Project1481,0.6,0.04,0.342,0.0,0.006999999999999999,0.0,0.0,0.083
Project1482,0.4,0.051,0.626,0.0,0.535,0.5,0.071,0.16699999999999998
Project1483,0.4,0.845,0.5429999999999999,1.0,0.555,1.0,0.222,0.222
Project1484,1.0,1.0,1.0,1.0,1.0,0.0,0.0,0.0
Project1485,0.0,0.0,0.0,0.0,0.0,0.0,0.0,0.0
Project1486,0.0,1.0,1.0,1.0,1.0,1.0,0.0,0.0
Project1487,0.0,1.0,1.0,2.667,1.0,1.0,0.0,0.0
Project1488,0.0,1.0,1.0,0.0,1.0,0.0,0.0,0.0
Project1489,0.6940000000000001,0.14400000000000002,0.963,0.397,0.423,0.511,0.34,0.5479999999999999
Project1490,0.0,1.0,1.0,0.0,1.0,0.0,0.0,0.0
Project1491,1.0,1.0,1.0,1.0,1.0,0.0,0.0,0.0
Project1492,0.54,0.38299999999999995,0.657,0.867,0.58,0.9,0.2,0.2
Project1493,1.0,3.917,0.5720000000000001,1.0,0.561,0.33299999999999996,0.867,0.33299999999999996
Project1494,1.0,2.969,1.0,2.667,1.0,1.0,1.0,1.0
Project1495,1.0,1.0,1.0,0.0,1.0,1.0,0.0,1.0
Project1496,0.2,0.363,0.556,0.667,0.19699999999999998,1.0,0.044000000000000004,0.083
Project1497,0.6,1.689,0.605,1.0,1.043,1.0,0.28800000000000003,0.574
Project1498,0.34299999999999997,1.642,0.598,0.619,0.903,0.429,0.02,0.033
Project1499,1.0,1.0,1.0,2.667,1.0,0.0,1.0,0.0
Project1500,0.96,0.871,0.965,0.9329999999999999,0.852,0.8,0.867,0.8
Project1501,0.733,0.165,0.297,0.33299999999999996,0.706,0.33299999999999996,0.013999999999999999,0.33299999999999996
Project1502,1.0,1.0,1.0,0.0,1.0,0.0,0.0,0.0
Project1503,0.5,0.33299999999999996,0.473,0.25,0.484,0.5,0.099,0.0
Project1504,0.0,1.0,1.0,0.0,1.0,0.0,0.0,0.0
Project1505,1.0,1.0,1.0,0.0,1.0,1.0,0.0,0.0
Project1506,1.0,3.173,1.0,1.0,2.267,0.0,1.0,1.0
Project1507,0.0,1.0,1.0,0.0,1.0,0.0,0.0,0.0
Project1508,0.667,0.6509999999999999,0.662,0.222,0.259,0.33299999999999996,0.018000000000000002,0.077
Project1509,1.0,1.0,1.0,1.0,2.068,3.0,1.0,2.25
Project1510,0.889,0.728,0.895,0.907,0.8320000000000001,0.889,0.708,0.76
Project1511,0.0,1.0,1.0,0.0,1.0,0.0,0.0,0.0
Project1512,0.0,1.0,1.0,0.0,1.0,0.0,0.0,0.0
Project1513,1.0,1.0,1.0,1.0,1.0,1.0,0.0,1.0
Project1514,0.6,0.976,0.26,0.33299999999999996,0.395,0.0,0.0,0.0
Project1515,0.0,1.0,1.0,1.0,1.0,0.0,0.0,0.0
Project1516,1.2,0.053,1.493,1.0,1.781,1.0,0.067,0.139
Project1517,0.0,1.0,1.0,0.0,1.0,0.0,0.0,0.0
Project1518,1.0,4.338,2.609,1.0,1.0,0.0,0.0,0.0
Project1519,0.4,1.944,0.802,0.667,0.156,0.0,0.235,0.235
Project1520,3.2,7.212000000000001,6.42,0.0,1.0,0.0,0.0,0.0
Project1521,1.0,1.0,1.0,1.0,1.0,1.0,1.0,0.0
Project1522,0.56,0.61,0.612,0.267,0.42100000000000004,0.6,0.473,0.473
Project1523,0.8,0.7240000000000001,0.598,0.33299999999999996,0.445,1.0,0.0,0.111
Project1524,0.2,1.147,0.115,0.111,0.066,0.33299999999999996,0.019,0.0
Project1525,0.0,0.826,0.369,0.429,0.349,0.429,0.067,0.028999999999999998
Project1526,1.0,0.396,0.7509999999999999,1.0,1.05,1.0,0.0,0.818
Project1527,2.4,1.0,2.491,1.0,1.0,0.0,1.0,1.0
Project1528,0.9,0.773,0.927,0.583,0.639,0.75,0.43799999999999994,0.55
Project1529,0.867,0.18,0.8009999999999999,0.778,0.428,0.667,0.0,0.0
Project1530,0.9,0.557,0.7809999999999999,0.667,0.622,0.5,0.5,0.583
Project1531,0.0,0.0,0.0,0.0,0.0,0.0,0.0,0.0
Project1532,0.65,4.2139999999999995,0.7979999999999999,0.75,0.583,0.75,0.0,0.0
Project1533,0.8,0.256,0.99,0.667,0.138,1.0,0.0,0.33299999999999996
Project1534,0.7,0.205,0.785,0.33299999999999996,0.48100000000000004,0.5,0.25,0.25
Project1535,0.0,2.8760000000000003,1.0,3.0,1.0,0.0,0.0,0.0
Project1536,1.0,1.0,1.0,1.0,1.0,1.0,0.0,1.0
Project1537,0.0,1.0,1.0,0.0,1.0,0.0,0.0,0.0
Project1538,0.2,0.735,0.418,1.857,1.088,1.143,0.03,0.429
Project1539,0.52,0.527,0.5,0.5329999999999999,0.634,0.4,0.289,0.289
Project1540,1.0,3.0,1.0,1.0,1.0,1.0,0.0,0.0
Project1541,0.0,1.0,1.0,0.0,1.0,0.0,0.0,0.0
Project1542,2.2,1.0,2.3569999999999998,2.333,1.0,3.0,1.0,1.0
Project1543,0.95,0.752,1.021,1.0,0.965,1.0,0.462,0.812
Project1544,1.0,1.0,1.0,1.0,2.154,0.0,0.0,0.0
Project1545,1.0,2.119,2.059,1.0,1.0,1.0,1.0,1.0
Project1546,0.6,2.6180000000000003,0.284,0.33299999999999996,0.198,0.0,0.125,0.125
Project1547,1.0,1.0,1.0,1.0,2.679,4.0,1.0,2.211
Project1548,0.0,1.0,1.0,0.0,1.0,0.0,1.0,0.0
Project1549,2.2,1.0,1.0,1.0,2.1319999999999997,1.0,1.0,1.0
Project1550,0.0,5.193,0.6609999999999999,0.667,1.042,0.0,0.0,0.0
Project1551,1.0,1.0,1.0,1.0,1.0,0.0,0.0,0.0
Project1552,0.0,2.346,1.0,0.0,1.0,0.0,0.0,0.0
Project1553,0.0,1.0,1.0,0.0,1.0,0.0,0.0,0.0
Project1554,0.9,0.526,0.871,0.5,0.79,1.0,0.8370000000000001,0.7
Project1555,0.4,0.467,0.043,0.667,0.153,1.0,0.071,0.152
Project1556,1.0,1.0,1.0,1.0,1.0,0.0,0.0,0.0
Project1557,0.4,0.124,0.08199999999999999,0.833,0.626,1.0,0.083,0.083
Project1558,0.7,1.545,0.435,0.667,0.9329999999999999,1.0,0.37200000000000005,0.37200000000000005
Project1559,0.867,1.213,0.76,1.0,1.002,1.0,0.917,0.917
Project1560,0.0,1.0,1.0,0.0,1.0,0.0,0.0,0.0
Project1561,0.6,0.573,0.665,0.5,0.652,0.0,0.0,0.083
Project1562,1.0,1.0,1.0,0.0,1.0,0.0,0.0,0.0
Project1563,1.0,2.6210000000000004,1.0,1.0,1.0,0.0,0.0,1.0
Project1564,1.0,1.0,1.0,1.0,1.0,0.0,1.0,1.0
Project1565,0.9,1.084,0.5589999999999999,0.33299999999999996,0.218,1.0,0.0,0.0
Project1566,0.8,0.456,0.8370000000000001,0.33299999999999996,0.746,1.0,0.0,0.0
Project1567,0.0,1.0,1.0,1.0,1.0,0.0,0.0,0.0
Project1568,1.2,2.823,0.191,0.33299999999999996,0.20199999999999999,0.0,0.077,0.077
Project1569,0.0,1.0,1.0,0.0,1.0,0.0,0.0,0.0
Project1570,0.2,1.49,0.499,1.0,0.9520000000000001,1.0,0.077,0.0
Project1571,0.8,0.179,0.6759999999999999,0.33299999999999996,0.708,0.833,0.373,0.69
Project1572,0.0,1.0,1.0,0.0,1.0,0.0,0.0,0.0
Project1573,0.0,1.0,1.0,0.0,1.0,0.0,0.0,0.0
Project1574,1.0,1.0,1.0,0.0,1.0,0.0,0.0,0.0
Project1575,1.8,2.1430000000000002,2.189,0.0,1.94,1.0,0.061,0.1
Project1576,1.0,1.0,1.0,1.0,1.0,1.0,1.0,1.0
Project1577,0.0,1.0,1.0,0.0,1.0,0.0,0.0,0.0
Project1578,0.0,1.0,1.0,0.0,1.0,0.0,0.0,0.0
Project1579,0.8,3.813,0.6409999999999999,0.33299999999999996,0.5579999999999999,1.0,0.0,0.0
Project1580,0.0,1.0,1.0,0.0,1.0,0.0,0.0,0.0
Project1581,0.0,1.0,1.0,0.0,1.0,0.0,0.0,0.0
Project1582,0.2,0.617,0.633,0.33299999999999996,0.257,0.0,0.0,0.267
Project1583,1.0,0.55,0.892,0.16699999999999998,0.742,1.0,0.5670000000000001,0.8
Project1584,0.8,0.44,0.84,0.667,0.924,1.0,0.5,0.5
Project1585,0.6,0.237,0.8320000000000001,1.0,0.743,1.0,0.632,0.632
Project1586,0.7,0.6409999999999999,0.624,0.33299999999999996,0.303,0.0,0.0,0.16699999999999998
Project1587,0.0,1.0,1.0,0.0,1.0,0.0,0.0,0.0
Project1588,0.0,1.0,1.0,0.0,1.0,0.0,0.0,0.0
Project1589,0.565,0.535,0.58,0.667,0.653,0.706,0.359,0.526
Project1590,1.2,1.8090000000000002,0.298,1.6669999999999998,5.785,9.0,0.35600000000000004,3.667
Project1591,0.0,1.0,1.0,0.0,1.0,0.0,0.0,0.0
Project1592,0.0,1.0,1.0,1.0,1.0,0.0,0.0,0.0
Project1593,1.0,1.0,1.0,1.0,1.0,1.0,1.0,1.0
Project1594,1.0,1.0,1.0,1.0,1.0,1.0,0.0,1.0
Project1595,1.0,2.0669999999999997,1.0,1.0,1.0,0.0,1.0,1.0
Project1596,1.0,1.0,1.0,0.0,1.0,0.0,0.0,0.0
Project1597,0.0,1.0,1.0,0.0,1.0,0.0,0.0,0.0
Project1598,0.7,0.8290000000000001,0.7559999999999999,0.917,0.183,1.0,0.046,0.386
Project1599,0.0,1.0,1.0,0.0,1.0,0.0,0.0,0.0
Project1600,0.2,0.065,0.06,0.33299999999999996,0.22,0.0,0.0,0.1
Project1601,1.0,1.0,1.0,3.333,1.0,0.0,0.0,0.0
Project1602,0.644,0.0,0.809,0.33299999999999996,0.284,0.33299999999999996,0.019,0.019
Project1603,2.4,4.753,1.574,3.667,0.9109999999999999,0.0,0.0,0.0
Project1604,0.0,1.0,1.0,0.0,1.0,0.0,0.0,0.0
Project1605,0.0,1.0,1.0,0.0,1.0,0.0,0.0,0.0
Project1606,1.0,1.0,1.0,1.0,2.7030000000000003,1.0,1.0,1.0
Project1607,1.0,1.0,1.0,1.0,1.0,0.0,0.0,0.0
Project1608,1.0,1.0,1.0,0.0,1.0,0.0,0.0,0.0
Project1609,0.0,1.0,1.0,0.0,1.0,0.0,0.0,0.0
Project1610,0.0,0.0,0.0,0.0,0.0,0.0,0.0,0.0
Project1611,0.0,1.0,1.0,0.0,1.0,0.0,0.0,0.0
Project1612,1.0,1.0,1.0,0.0,1.0,0.0,0.0,0.0
Project1613,0.48,0.865,0.631,0.467,0.488,0.4,0.3,0.35
Project1614,0.6,0.905,0.512,0.667,0.158,0.5,0.375,0.375
Project1615,0.0,1.0,1.0,0.0,1.0,0.0,0.0,0.0
Project1616,3.2,1.465,0.126,4.0,4.369,4.0,0.171,1.462
Project1617,1.0,1.0,1.0,1.0,1.0,1.0,0.0,0.0
Project1618,1.0,2.37,1.0,2.667,1.0,0.0,0.0,1.0
Project1619,0.0,1.0,1.0,0.0,1.0,0.0,0.0,0.0
Project1620,0.0,2.7680000000000002,1.0,0.0,1.0,0.0,0.0,0.0
Project1621,0.0,1.0,1.0,0.0,1.0,0.0,0.0,0.0
Project1622,1.0,0.71,0.971,0.9329999999999999,1.0,0.8,0.9,0.9
Project1623,0.0,1.0,1.0,0.0,1.0,0.0,0.0,0.0
Project1624,0.0,1.0,1.0,0.0,1.0,0.0,0.0,0.0
Project1625,0.4,1.345,0.595,0.33299999999999996,0.42100000000000004,1.0,0.0,0.47100000000000003
Project1626,1.0,1.045,0.769,0.0,0.8059999999999999,0.0,0.2,0.2
Project1627,2.867,2.6289999999999996,2.503,3.444,2.528,4.0,2.8369999999999997,1.778
Project1628,1.0,1.0,1.0,0.0,1.0,0.0,0.0,0.0
